-- phpMyAdmin SQL Dump
-- version 5.2.1
-- https://www.phpmyadmin.net/
--
-- Host: 127.0.0.1
-- Generation Time: Aug 06, 2025 at 12:29 PM
-- Server version: 10.4.32-MariaDB
-- PHP Version: 8.2.12

SET SQL_MODE = "NO_AUTO_VALUE_ON_ZERO";
START TRANSACTION;
SET time_zone = "+00:00";


/*!40101 SET @OLD_CHARACTER_SET_CLIENT=@@CHARACTER_SET_CLIENT */;
/*!40101 SET @OLD_CHARACTER_SET_RESULTS=@@CHARACTER_SET_RESULTS */;
/*!40101 SET @OLD_COLLATION_CONNECTION=@@COLLATION_CONNECTION */;
/*!40101 SET NAMES utf8mb4 */;

--
-- Database: `oat`
--

-- --------------------------------------------------------

--
-- Table structure for table `actions`
--

CREATE TABLE `actions` (
  `id` int(11) NOT NULL,
  `fc_id` int(11) DEFAULT NULL,
  `category` varchar(50) NOT NULL,
  `category_id` int(11) NOT NULL,
  `action_required` text DEFAULT NULL,
  `action_required_date` date DEFAULT NULL,
  `action_taken` text DEFAULT NULL,
  `action_taken_date` date DEFAULT NULL
) ENGINE=InnoDB DEFAULT CHARSET=utf8mb4 COLLATE=utf8mb4_general_ci;

--
-- Dumping data for table `actions`
--

INSERT INTO `actions` (`id`, `fc_id`, `category`, `category_id`, `action_required`, `action_required_date`, `action_taken`, `action_taken_date`) VALUES
(1, 342, 'test', 1, 'good', '2025-05-16', NULL, NULL),
(2, 110, 'test', 1, 'Improvement needed for the CO1 and CO2', '2025-05-31', NULL, NULL),
(3, 110, 'test', 2, '', '0000-00-00', NULL, NULL),
(4, 110, 'assignment', 1, '', '0000-00-00', NULL, NULL),
(5, 110, 'assignment', 2, '', '0000-00-00', NULL, NULL);

-- --------------------------------------------------------

--
-- Table structure for table `assignment`
--

CREATE TABLE `assignment` (
  `id` int(11) NOT NULL,
  `assignment_no` int(11) NOT NULL,
  `total_mark` decimal(3,1) DEFAULT NULL,
  `assignment_file` varchar(100) DEFAULT NULL,
  `assignment_date` date DEFAULT NULL,
  `fc_id` int(11) NOT NULL,
  `status` varchar(10) DEFAULT NULL
) ENGINE=InnoDB DEFAULT CHARSET=utf8mb4 COLLATE=utf8mb4_general_ci;

--
-- Dumping data for table `assignment`
--

INSERT INTO `assignment` (`id`, `assignment_no`, `total_mark`, `assignment_file`, `assignment_date`, `fc_id`, `status`) VALUES
(27, 1, 25.0, '../AssignmentFiles/110_1.pdf', '2025-03-11', 110, NULL),
(28, 2, 15.0, '../AssignmentFiles/110_2.pdf', '2025-05-31', 110, NULL);

-- --------------------------------------------------------

--
-- Table structure for table `assignment_mark`
--

CREATE TABLE `assignment_mark` (
  `id` int(11) NOT NULL,
  `student_id` varchar(20) DEFAULT NULL,
  `assignment_id` int(11) DEFAULT NULL,
  `question_id` int(11) DEFAULT NULL,
  `obtained_mark` decimal(3,1) NOT NULL
) ENGINE=InnoDB DEFAULT CHARSET=utf8mb4 COLLATE=utf8mb4_general_ci;

--
-- Dumping data for table `assignment_mark`
--

INSERT INTO `assignment_mark` (`id`, `student_id`, `assignment_id`, `question_id`, `obtained_mark`) VALUES
(334, '2201107025', 27, 51, -1.0),
(335, '2201107025', 27, 52, -1.0),
(336, '2201107025', 27, 53, -1.0),
(337, '2201107025', 27, 54, -1.0),
(338, '2201107025', 27, 55, -1.0),
(339, '2301107001', 27, 51, 4.0),
(340, '2301107001', 27, 52, 4.0),
(341, '2301107001', 27, 53, 4.0),
(342, '2301107001', 27, 54, 4.0),
(343, '2301107001', 27, 55, 4.0),
(344, '2301107002', 27, 51, -1.0),
(345, '2301107002', 27, 52, -1.0),
(346, '2301107002', 27, 53, -1.0),
(347, '2301107002', 27, 54, -1.0),
(348, '2301107002', 27, 55, -1.0),
(349, '2301107003', 27, 51, 4.0),
(350, '2301107003', 27, 52, 4.0),
(351, '2301107003', 27, 53, 4.0),
(352, '2301107003', 27, 54, 4.0),
(353, '2301107003', 27, 55, 4.0),
(354, '2301107004', 27, 51, -1.0),
(355, '2301107004', 27, 52, -1.0),
(356, '2301107004', 27, 53, -1.0),
(357, '2301107004', 27, 54, -1.0),
(358, '2301107004', 27, 55, -1.0),
(359, '2301107005', 27, 51, 5.0),
(360, '2301107005', 27, 52, 5.0),
(361, '2301107005', 27, 53, 5.0),
(362, '2301107005', 27, 54, 4.0),
(363, '2301107005', 27, 55, 5.0),
(364, '2301107006', 27, 51, 5.0),
(365, '2301107006', 27, 52, 4.0),
(366, '2301107006', 27, 53, 3.0),
(367, '2301107006', 27, 54, 5.0),
(368, '2301107006', 27, 55, 4.0),
(369, '2301107007', 27, 51, 3.0),
(370, '2301107007', 27, 52, 5.0),
(371, '2301107007', 27, 53, 4.0),
(372, '2301107007', 27, 54, 3.0),
(373, '2301107007', 27, 55, 5.0),
(374, '2301107008', 27, 51, 5.0),
(375, '2301107008', 27, 52, 5.0),
(376, '2301107008', 27, 53, 4.0),
(377, '2301107008', 27, 54, 3.0),
(378, '2301107008', 27, 55, 5.0),
(379, '2301107009', 27, 51, 4.0),
(380, '2301107009', 27, 52, 5.0),
(381, '2301107009', 27, 53, 3.0),
(382, '2301107009', 27, 54, 4.0),
(383, '2301107009', 27, 55, 5.0),
(384, '2301107010', 27, 51, 3.0),
(385, '2301107010', 27, 52, 5.0),
(386, '2301107010', 27, 53, 5.0),
(387, '2301107010', 27, 54, 5.0),
(388, '2301107010', 27, 55, 4.0),
(389, '2301107011', 27, 51, 5.0),
(390, '2301107011', 27, 52, 5.0),
(391, '2301107011', 27, 53, 5.0),
(392, '2301107011', 27, 54, 4.0),
(393, '2301107011', 27, 55, 3.0),
(394, '2301107012', 27, 51, 5.0),
(395, '2301107012', 27, 52, 5.0),
(396, '2301107012', 27, 53, 2.0),
(397, '2301107012', 27, 54, 3.0),
(398, '2301107012', 27, 55, 5.0),
(399, '2301107013', 27, 51, 4.0),
(400, '2301107013', 27, 52, 5.0),
(401, '2301107013', 27, 53, 5.0),
(402, '2301107013', 27, 54, 2.0),
(403, '2301107013', 27, 55, 3.0),
(404, '2301107014', 27, 51, 4.0),
(405, '2301107014', 27, 52, 5.0),
(406, '2301107014', 27, 53, 5.0),
(407, '2301107014', 27, 54, 5.0),
(408, '2301107014', 27, 55, 2.0),
(409, '2301107015', 27, 51, 5.0),
(410, '2301107015', 27, 52, 5.0),
(411, '2301107015', 27, 53, 5.0),
(412, '2301107015', 27, 54, 4.0),
(413, '2301107015', 27, 55, 5.0),
(414, '2301107016', 27, 51, 5.0),
(415, '2301107016', 27, 52, 5.0),
(416, '2301107016', 27, 53, 5.0),
(417, '2301107016', 27, 54, 5.0),
(418, '2301107016', 27, 55, 5.0),
(419, '2301107017', 27, 51, 5.0),
(420, '2301107017', 27, 52, 5.0),
(421, '2301107017', 27, 53, 5.0),
(422, '2301107017', 27, 54, 5.0),
(423, '2301107017', 27, 55, 5.0),
(424, '2301107018', 27, 51, 5.0),
(425, '2301107018', 27, 52, 5.0),
(426, '2301107018', 27, 53, 4.0),
(427, '2301107018', 27, 54, 5.0),
(428, '2301107018', 27, 55, 5.0),
(429, '2301107019', 27, 51, 5.0),
(430, '2301107019', 27, 52, 5.0),
(431, '2301107019', 27, 53, 5.0),
(432, '2301107019', 27, 54, 4.0),
(433, '2301107019', 27, 55, 5.0),
(434, '2301107020', 27, 51, 3.0),
(435, '2301107020', 27, 52, 3.0),
(436, '2301107020', 27, 53, 4.0),
(437, '2301107020', 27, 54, 5.0),
(438, '2301107020', 27, 55, 3.0),
(439, '2301107021', 27, 51, 5.0),
(440, '2301107021', 27, 52, 5.0),
(441, '2301107021', 27, 53, 4.0),
(442, '2301107021', 27, 54, 3.0),
(443, '2301107021', 27, 55, 4.0),
(444, '2301107022', 27, 51, 4.0),
(445, '2301107022', 27, 52, 5.0),
(446, '2301107022', 27, 53, 5.0),
(447, '2301107022', 27, 54, 4.0),
(448, '2301107022', 27, 55, 5.0),
(449, '2301107023', 27, 51, 5.0),
(450, '2301107023', 27, 52, 4.0),
(451, '2301107023', 27, 53, 3.0),
(452, '2301107023', 27, 54, 4.0),
(453, '2301107023', 27, 55, 5.0),
(454, '2301107024', 27, 51, 2.0),
(455, '2301107024', 27, 52, 5.0),
(456, '2301107024', 27, 53, 4.0),
(457, '2301107024', 27, 54, 5.0),
(458, '2301107024', 27, 55, 5.0),
(459, '2301107025', 27, 51, 5.0),
(460, '2301107025', 27, 52, 5.0),
(461, '2301107025', 27, 53, 5.0),
(462, '2301107025', 27, 54, 5.0),
(463, '2301107025', 27, 55, 5.0),
(464, '2301107026', 27, 51, 5.0),
(465, '2301107026', 27, 52, 5.0),
(466, '2301107026', 27, 53, 5.0),
(467, '2301107026', 27, 54, 5.0),
(468, '2301107026', 27, 55, 5.0),
(469, '2301107027', 27, 51, 5.0),
(470, '2301107027', 27, 52, 4.0),
(471, '2301107027', 27, 53, 5.0),
(472, '2301107027', 27, 54, 3.0),
(473, '2301107027', 27, 55, 4.0),
(474, '2301107028', 27, 51, 5.0),
(475, '2301107028', 27, 52, 5.0),
(476, '2301107028', 27, 53, 5.0),
(477, '2301107028', 27, 54, 4.0),
(478, '2301107028', 27, 55, 3.0),
(479, '2301107029', 27, 51, 5.0),
(480, '2301107029', 27, 52, 5.0),
(481, '2301107029', 27, 53, 5.0),
(482, '2301107029', 27, 54, 4.0),
(483, '2301107029', 27, 55, 5.0),
(484, '2301107030', 27, 51, 5.0),
(485, '2301107030', 27, 52, 5.0),
(486, '2301107030', 27, 53, 5.0),
(487, '2301107030', 27, 54, 3.0),
(488, '2301107030', 27, 55, 4.0),
(489, '2301107031', 27, 51, 4.0),
(490, '2301107031', 27, 52, 4.0),
(491, '2301107031', 27, 53, 5.0),
(492, '2301107031', 27, 54, 4.0),
(493, '2301107031', 27, 55, 5.0),
(494, '2301107032', 27, 51, 4.0),
(495, '2301107032', 27, 52, 4.0),
(496, '2301107032', 27, 53, 5.0),
(497, '2301107032', 27, 54, 4.0),
(498, '2301107032', 27, 55, 5.0),
(499, '2301107033', 27, 51, 3.0),
(500, '2301107033', 27, 52, 3.0),
(501, '2301107033', 27, 53, 5.0),
(502, '2301107033', 27, 54, 4.0),
(503, '2301107033', 27, 55, 5.0),
(504, '2301107034', 27, 51, 3.0),
(505, '2301107034', 27, 52, 3.0),
(506, '2301107034', 27, 53, 5.0),
(507, '2301107034', 27, 54, 5.0),
(508, '2301107034', 27, 55, 5.0),
(509, '2301107035', 27, 51, 4.0),
(510, '2301107035', 27, 52, 3.0),
(511, '2301107035', 27, 53, 5.0),
(512, '2301107035', 27, 54, 4.0),
(513, '2301107035', 27, 55, 2.0),
(514, '2301107036', 27, 51, 3.0),
(515, '2301107036', 27, 52, 5.0),
(516, '2301107036', 27, 53, 4.0),
(517, '2301107036', 27, 54, 3.0),
(518, '2301107036', 27, 55, 5.0),
(519, '2301107037', 27, 51, 4.0),
(520, '2301107037', 27, 52, 5.0),
(521, '2301107037', 27, 53, 3.0),
(522, '2301107037', 27, 54, 5.0),
(523, '2301107037', 27, 55, 4.0),
(524, '2301107038', 27, 51, 3.0),
(525, '2301107038', 27, 52, 5.0),
(526, '2301107038', 27, 53, 4.0),
(527, '2301107038', 27, 54, 5.0),
(528, '2301107038', 27, 55, 3.0),
(529, '2301107039', 27, 51, 5.0),
(530, '2301107039', 27, 52, 5.0),
(531, '2301107039', 27, 53, 5.0),
(532, '2301107039', 27, 54, 3.0),
(533, '2301107039', 27, 55, 5.0),
(534, '2301107041', 27, 51, 5.0),
(535, '2301107041', 27, 52, 4.0),
(536, '2301107041', 27, 53, 5.0),
(537, '2301107041', 27, 54, 2.0),
(538, '2301107041', 27, 55, 3.0),
(539, '2301107042', 27, 51, 5.0),
(540, '2301107042', 27, 52, 4.0),
(541, '2301107042', 27, 53, 0.0),
(542, '2301107042', 27, 54, 0.0),
(543, '2301107042', 27, 55, 5.0),
(544, '2301107043', 27, 51, 5.0),
(545, '2301107043', 27, 52, 5.0),
(546, '2301107043', 27, 53, 5.0),
(547, '2301107043', 27, 54, 2.0),
(548, '2301107043', 27, 55, 3.0),
(549, '2301107044', 27, 51, 5.0),
(550, '2301107044', 27, 52, 3.0),
(551, '2301107044', 27, 53, 4.0),
(552, '2301107044', 27, 54, 2.0),
(553, '2301107044', 27, 55, 5.0),
(554, '2301107045', 27, 51, 3.0),
(555, '2301107045', 27, 52, 5.0),
(556, '2301107045', 27, 53, 4.0),
(557, '2301107045', 27, 54, 2.0),
(558, '2301107045', 27, 55, 5.0),
(559, '2301107046', 27, 51, 3.0),
(560, '2301107046', 27, 52, 5.0),
(561, '2301107046', 27, 53, 4.0),
(562, '2301107046', 27, 54, 1.0),
(563, '2301107046', 27, 55, 5.0),
(564, '2301107048', 27, 51, 4.0),
(565, '2301107048', 27, 52, 5.0),
(566, '2301107048', 27, 53, 5.0),
(567, '2301107048', 27, 54, 3.0),
(568, '2301107048', 27, 55, 4.0),
(569, '2301107049', 27, 51, 5.0),
(570, '2301107049', 27, 52, 4.0),
(571, '2301107049', 27, 53, 5.0),
(572, '2301107049', 27, 54, 1.0),
(573, '2301107049', 27, 55, 4.0),
(574, '2301107050', 27, 51, 5.0),
(575, '2301107050', 27, 52, 5.0),
(576, '2301107050', 27, 53, 4.0),
(577, '2301107050', 27, 54, 5.0),
(578, '2301107050', 27, 55, 5.0),
(579, '2301107051', 27, 51, 5.0),
(580, '2301107051', 27, 52, 4.0),
(581, '2301107051', 27, 53, 3.0),
(582, '2301107051', 27, 54, 5.0),
(583, '2301107051', 27, 55, 5.0),
(584, '2301107052', 27, 51, 5.0),
(585, '2301107052', 27, 52, 4.0),
(586, '2301107052', 27, 53, 5.0),
(587, '2301107052', 27, 54, 3.0),
(588, '2301107052', 27, 55, 4.0),
(589, '2301107053', 27, 51, 5.0),
(590, '2301107053', 27, 52, 4.0),
(591, '2301107053', 27, 53, 5.0),
(592, '2301107053', 27, 54, 5.0),
(593, '2301107053', 27, 55, 3.0),
(594, '2301107054', 27, 51, 4.0),
(595, '2301107054', 27, 52, 5.0),
(596, '2301107054', 27, 53, 4.0),
(597, '2301107054', 27, 54, 5.0),
(598, '2301107054', 27, 55, 4.0),
(599, '2301107055', 27, 51, 5.0),
(600, '2301107055', 27, 52, 4.0),
(601, '2301107055', 27, 53, 3.0),
(602, '2301107055', 27, 54, 4.0),
(603, '2301107055', 27, 55, 5.0),
(604, '2301107056', 27, 51, 5.0),
(605, '2301107056', 27, 52, 4.0),
(606, '2301107056', 27, 53, 5.0),
(607, '2301107056', 27, 54, 4.0),
(608, '2301107056', 27, 55, 3.0),
(609, '2301107057', 27, 51, 5.0),
(610, '2301107057', 27, 52, 4.0),
(611, '2301107057', 27, 53, 5.0),
(612, '2301107057', 27, 54, 4.0),
(613, '2301107057', 27, 55, 5.0),
(614, '2301107058', 27, 51, 5.0),
(615, '2301107058', 27, 52, 4.0),
(616, '2301107058', 27, 53, 5.0),
(617, '2301107058', 27, 54, 4.0),
(618, '2301107058', 27, 55, 3.0),
(619, '2301107059', 27, 51, 5.0),
(620, '2301107059', 27, 52, 4.0),
(621, '2301107059', 27, 53, 5.0),
(622, '2301107059', 27, 54, 5.0),
(623, '2301107059', 27, 55, 4.0),
(624, '2301107060', 27, 51, 5.0),
(625, '2301107060', 27, 52, 4.0),
(626, '2301107060', 27, 53, 5.0),
(627, '2301107060', 27, 54, 4.0),
(628, '2301107060', 27, 55, 5.0),
(629, '2301109040', 27, 51, 5.0),
(630, '2301109040', 27, 52, 4.0),
(631, '2301109040', 27, 53, 5.0),
(632, '2301109040', 27, 54, 5.0),
(633, '2301109040', 27, 55, 5.0),
(634, '2301109044', 27, 51, 5.0),
(635, '2301109044', 27, 52, 4.0),
(636, '2301109044', 27, 53, 5.0),
(637, '2301109044', 27, 54, 5.0),
(638, '2301109044', 27, 55, 5.0),
(639, '2301207001', 27, 51, 5.0),
(640, '2301207001', 27, 52, 5.0),
(641, '2301207001', 27, 53, 5.0),
(642, '2301207001', 27, 54, 5.0),
(643, '2301207001', 27, 55, 5.0),
(644, '2301207002', 27, 51, 5.0),
(645, '2301207002', 27, 52, 5.0),
(646, '2301207002', 27, 53, 5.0),
(647, '2301207002', 27, 54, 5.0),
(648, '2301207002', 27, 55, 5.0),
(649, '2301207003', 27, 51, 5.0),
(650, '2301207003', 27, 52, 5.0),
(651, '2301207003', 27, 53, 5.0),
(652, '2301207003', 27, 54, 5.0),
(653, '2301207003', 27, 55, 5.0),
(654, '2301207004', 27, 51, 4.0),
(655, '2301207004', 27, 52, 4.0),
(656, '2301207004', 27, 53, 4.0),
(657, '2301207004', 27, 54, 4.0),
(658, '2301207004', 27, 55, 4.0),
(659, '2201107025', 28, 56, -1.0),
(660, '2201107025', 28, 57, -1.0),
(661, '2201107025', 28, 58, -1.0),
(662, '2301107001', 28, 56, 5.0),
(663, '2301107001', 28, 57, 4.0),
(664, '2301107001', 28, 58, 3.0),
(665, '2301107002', 28, 56, -1.0),
(666, '2301107002', 28, 57, -1.0),
(667, '2301107002', 28, 58, -1.0),
(668, '2301107003', 28, 56, 5.0),
(669, '2301107003', 28, 57, 5.0),
(670, '2301107003', 28, 58, 5.0),
(671, '2301107004', 28, 56, -1.0),
(672, '2301107004', 28, 57, -1.0),
(673, '2301107004', 28, 58, -1.0),
(674, '2301107005', 28, 56, 5.0),
(675, '2301107005', 28, 57, 5.0),
(676, '2301107005', 28, 58, 5.0),
(677, '2301107006', 28, 56, 5.0),
(678, '2301107006', 28, 57, 5.0),
(679, '2301107006', 28, 58, 5.0),
(680, '2301107007', 28, 56, 5.0),
(681, '2301107007', 28, 57, 5.0),
(682, '2301107007', 28, 58, 5.0),
(683, '2301107008', 28, 56, 5.0),
(684, '2301107008', 28, 57, 5.0),
(685, '2301107008', 28, 58, 5.0),
(686, '2301107009', 28, 56, 5.0),
(687, '2301107009', 28, 57, 5.0),
(688, '2301107009', 28, 58, 5.0),
(689, '2301107010', 28, 56, 5.0),
(690, '2301107010', 28, 57, 5.0),
(691, '2301107010', 28, 58, 5.0),
(692, '2301107011', 28, 56, 5.0),
(693, '2301107011', 28, 57, 5.0),
(694, '2301107011', 28, 58, 5.0),
(695, '2301107012', 28, 56, 5.0),
(696, '2301107012', 28, 57, 5.0),
(697, '2301107012', 28, 58, 5.0),
(698, '2301107013', 28, 56, 5.0),
(699, '2301107013', 28, 57, 5.0),
(700, '2301107013', 28, 58, 5.0),
(701, '2301107014', 28, 56, 5.0),
(702, '2301107014', 28, 57, 5.0),
(703, '2301107014', 28, 58, 5.0),
(704, '2301107015', 28, 56, 5.0),
(705, '2301107015', 28, 57, 5.0),
(706, '2301107015', 28, 58, 5.0),
(707, '2301107016', 28, 56, 5.0),
(708, '2301107016', 28, 57, 5.0),
(709, '2301107016', 28, 58, 5.0),
(710, '2301107017', 28, 56, 5.0),
(711, '2301107017', 28, 57, 5.0),
(712, '2301107017', 28, 58, 5.0),
(713, '2301107018', 28, 56, 5.0),
(714, '2301107018', 28, 57, 5.0),
(715, '2301107018', 28, 58, 5.0),
(716, '2301107019', 28, 56, 5.0),
(717, '2301107019', 28, 57, 5.0),
(718, '2301107019', 28, 58, 5.0),
(719, '2301107020', 28, 56, 5.0),
(720, '2301107020', 28, 57, 5.0),
(721, '2301107020', 28, 58, 5.0),
(722, '2301107021', 28, 56, 5.0),
(723, '2301107021', 28, 57, 5.0),
(724, '2301107021', 28, 58, 5.0),
(725, '2301107022', 28, 56, 5.0),
(726, '2301107022', 28, 57, 5.0),
(727, '2301107022', 28, 58, 5.0),
(728, '2301107023', 28, 56, 5.0),
(729, '2301107023', 28, 57, 5.0),
(730, '2301107023', 28, 58, 5.0),
(731, '2301107024', 28, 56, 5.0),
(732, '2301107024', 28, 57, 5.0),
(733, '2301107024', 28, 58, 5.0),
(734, '2301107025', 28, 56, 5.0),
(735, '2301107025', 28, 57, 5.0),
(736, '2301107025', 28, 58, 5.0),
(737, '2301107026', 28, 56, 5.0),
(738, '2301107026', 28, 57, 5.0),
(739, '2301107026', 28, 58, 5.0),
(740, '2301107027', 28, 56, 5.0),
(741, '2301107027', 28, 57, 5.0),
(742, '2301107027', 28, 58, 5.0),
(743, '2301107028', 28, 56, 5.0),
(744, '2301107028', 28, 57, 5.0),
(745, '2301107028', 28, 58, 5.0),
(746, '2301107029', 28, 56, 5.0),
(747, '2301107029', 28, 57, 5.0),
(748, '2301107029', 28, 58, 5.0),
(749, '2301107030', 28, 56, 5.0),
(750, '2301107030', 28, 57, 5.0),
(751, '2301107030', 28, 58, 5.0),
(752, '2301107031', 28, 56, 5.0),
(753, '2301107031', 28, 57, 5.0),
(754, '2301107031', 28, 58, 5.0),
(755, '2301107032', 28, 56, 5.0),
(756, '2301107032', 28, 57, 5.0),
(757, '2301107032', 28, 58, 5.0),
(758, '2301107033', 28, 56, 5.0),
(759, '2301107033', 28, 57, 5.0),
(760, '2301107033', 28, 58, 5.0),
(761, '2301107034', 28, 56, 5.0),
(762, '2301107034', 28, 57, 5.0),
(763, '2301107034', 28, 58, 5.0),
(764, '2301107035', 28, 56, 5.0),
(765, '2301107035', 28, 57, 5.0),
(766, '2301107035', 28, 58, 5.0),
(767, '2301107036', 28, 56, 5.0),
(768, '2301107036', 28, 57, 5.0),
(769, '2301107036', 28, 58, 5.0),
(770, '2301107037', 28, 56, 5.0),
(771, '2301107037', 28, 57, 5.0),
(772, '2301107037', 28, 58, 5.0),
(773, '2301107038', 28, 56, 5.0),
(774, '2301107038', 28, 57, 5.0),
(775, '2301107038', 28, 58, 5.0),
(776, '2301107039', 28, 56, 5.0),
(777, '2301107039', 28, 57, 5.0),
(778, '2301107039', 28, 58, 5.0),
(779, '2301107041', 28, 56, 5.0),
(780, '2301107041', 28, 57, 5.0),
(781, '2301107041', 28, 58, 5.0),
(782, '2301107042', 28, 56, 5.0),
(783, '2301107042', 28, 57, 5.0),
(784, '2301107042', 28, 58, 5.0),
(785, '2301107043', 28, 56, 5.0),
(786, '2301107043', 28, 57, 5.0),
(787, '2301107043', 28, 58, 5.0),
(788, '2301107044', 28, 56, 5.0),
(789, '2301107044', 28, 57, 5.0),
(790, '2301107044', 28, 58, 5.0),
(791, '2301107045', 28, 56, 5.0),
(792, '2301107045', 28, 57, 5.0),
(793, '2301107045', 28, 58, 5.0),
(794, '2301107046', 28, 56, 5.0),
(795, '2301107046', 28, 57, 5.0),
(796, '2301107046', 28, 58, 5.0),
(797, '2301107048', 28, 56, 5.0),
(798, '2301107048', 28, 57, 5.0),
(799, '2301107048', 28, 58, 5.0),
(800, '2301107049', 28, 56, 5.0),
(801, '2301107049', 28, 57, 5.0),
(802, '2301107049', 28, 58, 5.0),
(803, '2301107050', 28, 56, 5.0),
(804, '2301107050', 28, 57, 5.0),
(805, '2301107050', 28, 58, 5.0),
(806, '2301107051', 28, 56, 5.0),
(807, '2301107051', 28, 57, 5.0),
(808, '2301107051', 28, 58, 5.0),
(809, '2301107052', 28, 56, 5.0),
(810, '2301107052', 28, 57, 5.0),
(811, '2301107052', 28, 58, 5.0),
(812, '2301107053', 28, 56, 5.0),
(813, '2301107053', 28, 57, 5.0),
(814, '2301107053', 28, 58, 5.0),
(815, '2301107054', 28, 56, 5.0),
(816, '2301107054', 28, 57, 5.0),
(817, '2301107054', 28, 58, 5.0),
(818, '2301107055', 28, 56, 5.0),
(819, '2301107055', 28, 57, 5.0),
(820, '2301107055', 28, 58, 5.0),
(821, '2301107056', 28, 56, 5.0),
(822, '2301107056', 28, 57, 5.0),
(823, '2301107056', 28, 58, 5.0),
(824, '2301107057', 28, 56, 5.0),
(825, '2301107057', 28, 57, 5.0),
(826, '2301107057', 28, 58, 5.0),
(827, '2301107058', 28, 56, 5.0),
(828, '2301107058', 28, 57, 5.0),
(829, '2301107058', 28, 58, 5.0),
(830, '2301107059', 28, 56, 5.0),
(831, '2301107059', 28, 57, 5.0),
(832, '2301107059', 28, 58, 5.0),
(833, '2301107060', 28, 56, 5.0),
(834, '2301107060', 28, 57, 5.0),
(835, '2301107060', 28, 58, 5.0),
(836, '2301109040', 28, 56, 5.0),
(837, '2301109040', 28, 57, 5.0),
(838, '2301109040', 28, 58, 5.0),
(839, '2301109044', 28, 56, 5.0),
(840, '2301109044', 28, 57, 5.0),
(841, '2301109044', 28, 58, 5.0),
(842, '2301207001', 28, 56, 5.0),
(843, '2301207001', 28, 57, 5.0),
(844, '2301207001', 28, 58, 5.0),
(845, '2301207002', 28, 56, 5.0),
(846, '2301207002', 28, 57, 5.0),
(847, '2301207002', 28, 58, 5.0),
(848, '2301207003', 28, 56, 5.0),
(849, '2301207003', 28, 57, 5.0),
(850, '2301207003', 28, 58, 5.0),
(851, '2301207004', 28, 56, 5.0),
(852, '2301207004', 28, 57, 5.0),
(853, '2301207004', 28, 58, 5.0);

-- --------------------------------------------------------

--
-- Table structure for table `assignment_question`
--

CREATE TABLE `assignment_question` (
  `id` int(11) NOT NULL,
  `assignment_id` int(11) DEFAULT NULL,
  `question_no` int(11) NOT NULL,
  `max_mark` decimal(3,1) NOT NULL,
  `target_mark` decimal(3,1) NOT NULL,
  `knowledge_level` varchar(20) NOT NULL
) ENGINE=InnoDB DEFAULT CHARSET=utf8mb4 COLLATE=utf8mb4_general_ci;

--
-- Dumping data for table `assignment_question`
--

INSERT INTO `assignment_question` (`id`, `assignment_id`, `question_no`, `max_mark`, `target_mark`, `knowledge_level`) VALUES
(51, 27, 1, 5.0, 4.0, '2'),
(52, 27, 2, 5.0, 4.0, '2'),
(53, 27, 3, 5.0, 4.0, '4'),
(54, 27, 4, 5.0, 4.0, '6'),
(55, 27, 5, 5.0, 4.0, '4'),
(56, 28, 1, 5.0, 4.0, '2'),
(57, 28, 2, 5.0, 4.0, '2'),
(58, 28, 3, 5.0, 4.0, '1');

-- --------------------------------------------------------

--
-- Table structure for table `assignment_question_co`
--

CREATE TABLE `assignment_question_co` (
  `question_id` int(11) NOT NULL,
  `co_id` int(11) NOT NULL
) ENGINE=InnoDB DEFAULT CHARSET=utf8mb4 COLLATE=utf8mb4_general_ci;

--
-- Dumping data for table `assignment_question_co`
--

INSERT INTO `assignment_question_co` (`question_id`, `co_id`) VALUES
(51, 91),
(52, 91),
(53, 92),
(54, 93),
(55, 93),
(56, 93),
(57, 94),
(58, 95);

-- --------------------------------------------------------

--
-- Table structure for table `course`
--

CREATE TABLE `course` (
  `code` varchar(20) NOT NULL,
  `name` varchar(50) NOT NULL,
  `credits` decimal(3,1) DEFAULT NULL,
  `no_of_co` int(11) NOT NULL,
  `semester` int(11) NOT NULL,
  `type` varchar(15) NOT NULL,
  `regulation` varchar(10) DEFAULT NULL,
  `course_type` varchar(10) DEFAULT NULL
) ENGINE=InnoDB DEFAULT CHARSET=utf8mb4 COLLATE=utf8mb4_general_ci;

--
-- Dumping data for table `course`
--

INSERT INTO `course` (`code`, `name`, `credits`, `no_of_co`, `semester`, `type`, `regulation`, `course_type`) VALUES
('CA201', 'Data Structures and Algorithms', 3.0, 5, 1, 'MCA', '2021', 'PCC'),
('CA202', 'Object Oriented Programming', 3.0, 5, 1, 'MCA', '2021', 'PCC'),
('CA203', 'Computer Organization and Architecture', 3.0, 4, 1, 'MCA', '2021', 'PCC'),
('CA204', 'Software Engineering', 3.0, 5, 1, 'MCA', '2021', 'PCC'),
('CA205', 'Data Structures and Algorithms Laboratory', 2.0, 5, 1, 'MCA', '2021', 'PCC'),
('CA206', 'Object Oriented Programming Laboratory', 2.0, 5, 1, 'MCA', '2021', 'PCC'),
('CA207', 'Database Management Systems', 3.0, 4, 2, 'MCA', '2021', 'PCC'),
('CA208', 'Computer Networks', 3.0, 4, 2, 'MCA', '2021', 'PCC'),
('CA209', 'Operating Systems', 3.0, 5, 2, 'MCA', '2021', 'PCC'),
('CA210', 'Database Management Systems Laboratory', 2.0, 3, 2, 'MCA', '2021', 'PCC'),
('CA211', 'Operating Systems and Computer Networks Laboratory', 2.0, 4, 2, 'MCA', '2021', 'PCC'),
('CA212', 'Internet and Web Programming', 3.0, 4, 3, 'MCA', '2021', 'PCC'),
('CA213', 'Mobile Application Development', 3.0, 5, 3, 'MCA', '2021', 'PCC'),
('CA214', 'Web Programming Laboratory', 2.0, 3, 3, 'MCA', '2021', 'PCC'),
('CA215', 'Mobile Application Development Laboratory', 2.0, 5, 3, 'MCA', '2021', 'PCC'),
('CA216', 'Mini Project', 1.0, 5, 3, 'MCA', '2021', 'PCC'),
('CA217', 'Comprehensive Viva Voce', 2.0, 3, 4, 'MCA', '2021', 'PCC'),
('CA218', 'Project Work & Dissertation', 12.0, 5, 4, 'MCA', '2021', 'PCC'),
('CAZ01', 'Advanced Java Programming', 3.0, 4, 2, 'MCA', '2021', 'PSE'),
('CAZ02', 'Python Programming', 3.0, 5, 2, 'MCA', '2021', 'PSE'),
('CAZ03', 'Embedded Systems', 3.0, 5, 2, 'MCA', '2021', 'PSE'),
('CAZ04', 'Graphics and Image Processing', 3.0, 3, 2, 'MCA', '2021', 'PSE'),
('CAZ05', 'Artificial Intelligence', 3.0, 4, 2, 'MCA', '2021', 'PSE'),
('CAZ06', 'Automata Theory and Computation', 3.0, 5, 2, 'MCA', '2021', 'PSE'),
('CAZ07', 'Data Science and Analytics', 3.0, 3, 2, 'MCA', '2021', 'PSE'),
('CAZ08', 'Multimedia Systems and Tools', 3.0, 5, 2, 'MCA', '2021', 'PSE'),
('CAZ09', 'Platform Technology', 3.0, 5, 3, 'MCA', '2021', 'PSE'),
('CAZ10', 'Object Oriented Software Engineering', 3.0, 4, 3, 'MCA', '2021', 'PSE'),
('CAZ11', 'Software Project Management and Quality Assurance', 3.0, 5, 3, 'MCA', '2021', 'PSE'),
('CAZ12', 'User Interface Design', 3.0, 5, 3, 'MCA', '2021', 'PSE'),
('CAZ13', 'Machine Learning', 3.0, 5, 3, 'MCA', '2021', 'PSE'),
('CAZ14', 'Internet of Things', 3.0, 5, 3, 'MCA', '2021', 'PSE'),
('CAZ15', 'Data Mining and Business Intelligence', 3.0, 5, 3, 'MCA', '2021', 'PSE'),
('CAZ16', 'Digital Marketing', 3.0, 5, 3, 'MCA', '2021', 'PSE'),
('CAZ17', 'Information Security', 3.0, 4, 3, 'MCA', '2021', 'PSE'),
('CAZ18', 'Ethical Hacking', 3.0, 3, 3, 'MCA', '2021', 'PSE'),
('CAZ19', 'Blockchain Technology', 3.0, 4, 3, 'MCA', '2021', 'PSE'),
('CAZ20', 'Cloud Computing', 3.0, 5, 3, 'MCA', '2021', 'PSE'),
('CS203', 'Computer Organization and Architecture', 4.0, 5, 3, 'B.Tech', '2021', 'PCC'),
('CS204', 'Data Structures', 3.0, 5, 3, 'B.Tech', '2021', 'PCC'),
('CS205', 'Object Oriented Programming Languages', 3.0, 5, 3, 'B.Tech', '2021', 'PCC'),
('CS206', 'Data Structures Laboratory', 1.5, 5, 3, 'B.Tech', '2021', 'PCC'),
('CS207', 'Object Oriented Programming Languages Laboratory', 1.5, 5, 3, 'B.Tech', '2021', 'PCC'),
('CS207', 'Object Oriented Programming Languages Laboratory\r\n', 1.5, 5, 3, 'MCA', '2021', 'PCC'),
('CS208', 'Operating Systems', 3.0, 5, 4, 'B.Tech', '2021', 'PCC'),
('CS208', 'Operating Systems\r\n', 3.0, 5, 4, 'MCA', '2021', 'PCC'),
('CS209', 'Design and Analysis of Algorithms', 3.0, 5, 4, 'B.Tech', '2021', 'PCC'),
('CS210', 'Database Management Systems', 3.0, 5, 4, 'B.Tech', '2021', 'PCC'),
('CS211', 'Software Engineering', 4.0, 5, 4, 'B.Tech', '2021', 'PCC'),
('CS212', 'Operating System Laboratory', 1.5, 4, 4, 'B.Tech', '2021', 'PCC'),
('CS213', 'Design and Analysis of Algorithms Laboratory', 1.5, 5, 4, 'B.Tech', '2021', 'PCC'),
('CS214', 'Database Management Systems Laboratory', 1.5, 5, 4, 'B.Tech', '2021', 'PCC'),
('CS215', 'Platform Technologies', 3.0, 5, 5, 'B.Tech', '2021', 'PCC'),
('CS216', 'Computer Networks', 3.0, 5, 5, 'B.Tech', '2021', 'PCC'),
('CS217', 'Automata Theory and Compiler Design', 4.0, 5, 5, 'B.Tech', '2021', 'PAC'),
('CS218', 'Platform Technologies Laboratory', 1.5, 5, 5, 'B.Tech', '2021', 'PAC'),
('CS219', 'Computer Networks Laboratory', 1.5, 5, 5, 'B.Tech', '2021', 'PCC'),
('CS220', 'Microprocessors and Microcontrollers', 3.0, 5, 6, 'B.Tech', '2021', 'PCC'),
('CS221', 'Web Technologies', 3.0, 5, 6, 'B.Tech', '2021', 'PCC'),
('CS222', 'Information Security', 4.0, 5, 6, 'B.Tech', '2021', 'PCC'),
('CS223', 'Microprocessors and Microcontrollers Laboratory', 1.5, 5, 6, 'B.Tech', '2021', 'PCC'),
('CS224', 'Web Technologies Laboratory', 1.5, 5, 6, 'B.Tech', '2021', 'PCC'),
('CS225', 'Artificial Intelligence', 3.0, 5, 7, 'B.Tech', '2021', 'PCC'),
('CS226', 'Parallel and Distributed Systems', 4.0, 5, 7, 'B.Tech', '2021', 'PCC'),
('CS227', 'Data Science Essentials', 4.0, 5, 7, 'B.Tech', '2021', 'PCC'),
('CS228', 'Artificial Intelligence Laboratory', 1.5, 5, 7, 'B.Tech', '2021', 'PCC'),
('CS229', 'Seminar', 1.0, 4, 7, 'B.Tech', '2021', 'PAC'),
('CS230', 'Professional Ethics', 0.0, 5, 7, 'B.Tech', '2021', 'PCC'),
('CS231', 'Comprehensive Test', 1.0, 5, 8, 'B.Tech', '2021', 'PAC'),
('CS232', 'Internship', 2.0, 5, 8, 'B.Tech', '2021', 'PAC'),
('CS233', 'Project Work', 8.0, 5, 8, 'B.Tech', '2021', 'PAC'),
('CS251', 'Probability and Statistics for Data Science', 3.0, 5, 1, 'M.Tech DS', '2021', 'PCC'),
('CS252', 'Data Science Essentials', 3.0, 5, 1, 'M.Tech DS', '2021', 'PCC'),
('CS253', 'Machine Learning', 3.0, 4, 1, 'M.Tech DS', '2021', 'PCC'),
('CS254', 'Machine Learning Laboratory', 2.0, 3, 1, 'M.Tech DS', '2021', 'PCC'),
('CS255', 'Research Methodology and IPR', 2.0, 3, 1, 'M.Tech DS', '2021', 'PCC'),
('CS255', 'Research Methodology and IPR', 2.0, 5, 1, 'M.Tech IS', '2021', 'PCC'),
('CS256', 'Next Generation Databases', 3.0, 5, 2, 'M.Tech DS', '2021', 'PCC'),
('CS257', 'Big Data Mining and Analytics', 3.0, 4, 2, 'M.Tech DS', '2021', 'PCC'),
('CS258', 'Deep Learning', 3.0, 5, 2, 'M.Tech DS', '2021', 'PCC'),
('CS259', 'Data Analytics and Deep learning Laboratory', 2.0, 3, 2, 'M.Tech DS', '2021', 'PCC'),
('CS260', 'Mini Project and Seminar', 2.0, 4, 2, 'M.Tech DS', '2021', 'PCC'),
('CS261', 'Dissertation – Phase I', 10.0, 5, 3, 'M.Tech DS', '2021', 'PAC'),
('CS262', 'Dissertation – Phase II', 16.0, 5, 4, 'M.Tech DS', '2021', 'PAC'),
('CS262', 'Dissertation – Phase II', 16.0, 5, 4, 'M.Tech IS', '2021', 'PAC'),
('CS263', 'Mathematical Foundations of Information Security', 3.0, 4, 1, 'M.Tech IS', '2021', 'PCC'),
('CS264', 'Advanced Data Structures and Algorithms', 3.0, 5, 1, 'M.Tech IS', '2021', 'PCC'),
('CS265', 'Principles of Information Security', 3.0, 5, 1, 'M.Tech IS', '2021', 'PCC'),
('CS266', 'Information Security Laboratory - 1', 2.0, 3, 1, 'M.Tech IS', '2021', 'PCC'),
('CS267', 'Network Security Essentials', 3.0, 3, 2, 'M.Tech IS', '2021', 'PCC'),
('CS268', 'Information Security Standards and Policies', 3.0, 4, 2, 'M.Tech IS', '2021', 'PCC'),
('CS269', 'Ethical Hacking', 3.0, 3, 2, 'M.Tech IS', '2021', 'PCC'),
('CS270', 'Information Security Laboratory - 2', 2.0, 3, 2, 'M.Tech IS', '2021', 'PCC'),
('CS271', 'Mini Project and Seminar', 2.0, 5, 2, 'M.Tech IS', '2021', 'PCC'),
('CS272', 'Dissertation – Phase I', 10.0, 5, 3, 'M.Tech IS', '2021', 'PCC'),
('CS273', 'Dissertation – Phase II', 16.0, 5, 4, 'M.Tech IS', '2021', 'PCC'),
('CSH01', 'Human Computer Interaction', 4.0, 5, 3, 'B.Tech', '2021', 'PCC'),
('CSH02', 'Advanced Data Structure and Algorithms', 4.0, 5, 4, 'B.Tech', '2021', 'PCC'),
('CSH03', 'Advanced Software Design', 4.0, 5, 5, 'B.Tech', '2021', 'PCC'),
('CSH04', 'Advanced Security Concepts', 4.0, 5, 6, 'B.Tech', '2021', 'PCC'),
('CSH05', 'Deep Learning', 4.0, 5, 7, 'B.Tech', '2021', 'PCC'),
('CSM01', 'Data Structures and Algorithms', 4.0, 5, 3, 'B.Tech', '2021', 'PCC'),
('CSM02', 'Principles of Operating Systems', 4.0, 5, 4, 'B.Tech', '2021', 'PCC'),
('CSM03', 'Principles of Database Management', 4.0, 5, 5, 'B.Tech', '2021', 'PCC'),
('CSM04', 'Internet Programming', 4.0, 5, 6, 'B.Tech', '2021', 'PCC'),
('CSM05', 'Network Technology', 4.0, 5, 7, 'B.Tech', '2021', 'PCC'),
('CSY01', 'Graphics and Image Processing', 3.0, 5, 5, 'B.Tech', '2021', 'PEC'),
('CSY02', 'Software Design and Testing', 3.0, 5, 5, 'B.Tech', '2021', 'PEC'),
('CSY03', 'Python Programming', 3.0, 5, 5, 'B.Tech', '2021', 'PEC'),
('CSY04', 'Data warehousing and Data Mining', 3.0, 5, 6, 'B.Tech', '2021', 'PEC'),
('CSY05', 'Internet of Things', 3.0, 5, 6, 'B.Tech', '2021', 'PEC'),
('CSY06', 'Mobile Application Development', 3.0, 5, 6, 'B.Tech', '2021', 'PEC'),
('CSY07', 'Mobile Communication and Computing', 3.0, 5, 6, 'B.Tech', '2021', 'PEC'),
('CSY08', 'Embedded Systems', 3.0, 5, 7, 'B.Tech', '2021', 'PEC'),
('CSY09', 'Cloud Computing', 3.0, 5, 7, 'B.Tech', '2021', 'PEC'),
('CSY10', 'Machine Learning', 3.0, 5, 7, 'B.Tech', '2021', 'PEC'),
('CSY11', 'Full Stack Development', 3.0, 5, 7, 'B.Tech', '2021', 'PEC'),
('CSZ01', 'Advanced Data Structures and Algorithms', 3.0, 5, 1, 'M.Tech DS', '2021', 'PSE'),
('CSZ02', 'Computing Systems for Data Science', 3.0, 5, 1, 'M.Tech DS', '2021', 'PSE'),
('CSZ03', 'Artificial intelligence and intelligent systems', 3.0, 4, 1, 'M.Tech DS', '2021', 'PSE'),
('CSZ03', 'Artificial Intelligence and Intelligent Systems', 3.0, 4, 3, 'M.Tech IS', '2021', 'PSE'),
('CSZ04', 'Python for Data Science', 3.0, 4, 1, 'M.Tech DS', '2021', 'PSE'),
('CSZ05', 'Data Warehouse and Data Mining', 3.0, 5, 1, 'M.Tech DS', '2021', 'PSE'),
('CSZ06', 'Distributed Databases', 3.0, 5, 1, 'M.Tech DS', '2021', 'PSE'),
('CSZ07', 'Parallel and GPU Computing', 3.0, 5, 2, 'M.Tech DS', '2021', 'PSE'),
('CSZ08', 'Statistical Modeling with R', 3.0, 5, 2, 'M.Tech DS', '2021', 'PSE'),
('CSZ09', 'Recommender Systems', 3.0, 4, 2, 'M.Tech DS', '2021', 'PSE'),
('CSZ10', 'Natural language processing', 3.0, 5, 2, 'M.Tech DS', '2021', 'PSE'),
('CSZ11', 'Data Visualization', 3.0, 4, 2, 'M.Tech DS', '2021', 'PSE'),
('CSZ12', 'Data Security and Access Control', 3.0, 5, 2, 'M.Tech DS', '2021', 'PSE'),
('CSZ12', 'Data Security and Access Control', 3.0, 5, 1, 'M.Tech IS', '2021', 'PSE'),
('CSZ13', 'Computational Models of Social Mining', 3.0, 4, 3, 'M.Tech DS', '2021', 'PSE'),
('CSZ14', 'Web Analytics', 3.0, 5, 3, 'M.Tech DS', '2021', 'PSE'),
('CSZ15', 'Health care Data Analytics', 3.0, 5, 3, 'M.Tech DS', '2021', 'PSE'),
('CSZ16', 'Secure Coding', 3.0, 5, 1, 'M.Tech IS', '2021', 'PSE'),
('CSZ17', 'Malware Analysis and Reverse Engineering', 3.0, 5, 1, 'M.Tech IS', '2021', 'PSE'),
('CSZ18', 'Machine Learning and Security', 3.0, 5, 1, 'M.Tech IS', '2021', 'PSE'),
('CSZ19', 'Secure and Resilient Software Development', 3.0, 4, 1, 'M.Tech IS', '2021', 'PSE'),
('CSZ20', 'Data Mining and Knowledge Discovery', 3.0, 4, 2, 'M.Tech IS', '2021', 'PSE'),
('CSZ21', 'Digital Forensics', 3.0, 5, 2, 'M.Tech IS', '2021', 'PSE'),
('CSZ22', 'Biometric Security', 3.0, 5, 2, 'M.Tech IS', '2021', 'PSE'),
('CSZ23', 'Cyber Security Governance', 3.0, 4, 2, 'M.Tech IS', '2021', 'PSE'),
('CSZ24', 'Cyber Physical Systems', 3.0, 5, 2, 'M.Tech IS', '2021', 'PSE'),
('CSZ25', 'Intrusion Detection Systems', 3.0, 5, 2, 'M.Tech IS', '2021', 'PSE'),
('CSZ26', 'Security in IoT', 3.0, 4, 3, 'M.Tech IS', '2021', 'PSE'),
('CSZ27', 'Security in Cloud Computing', 3.0, 4, 3, 'M.Tech IS', '2021', 'PSE'),
('CSZ28', 'Soft Computing', 3.0, 4, 1, 'M.Tech IS', '2021', 'PSE'),
('EC235', 'Electronic Devices and Digital Systems', 3.0, 5, 3, 'B.Tech', '2021', 'PCC'),
('EC236', 'Electronic Devices and Digital Systems Laboratory', 1.5, 5, 3, 'B.Tech', '2021', 'PCC'),
('EP201', 'Entrepreneurship', 2.0, 5, 6, 'B.Tech', '2021', 'PAC'),
('HS202', 'Industrial Economics and Management', 3.0, 5, 5, 'B.Tech', '2021', 'PCC'),
('MA206', 'Mathematics for Computing', 4.0, 5, 4, 'B.Tech', '2021', 'PCC'),
('MA253', 'Mathematics for Computer Science', 4.0, 5, 1, 'MCA', '2021', 'PCC'),
('OE201', 'Business Analytics', 3.0, 4, 3, 'M.Tech DS', '2021', 'PCC'),
('OE201', 'Business Analytics', 3.0, 4, 3, 'M.Tech IS', '2021', 'PCC'),
('OE202', 'Industrial Safety', 3.0, 5, 3, 'M.Tech DS', '2021', 'PCC'),
('OE202', 'Industrial Safety', 3.0, 5, 3, 'M.Tech IS', '2021', 'PCC'),
('OE203', 'Operation Research', 3.0, 4, 3, 'M.Tech DS', '2021', 'PCC'),
('OE203', 'Operation Research', 3.0, 4, 3, 'M.Tech IS', '2021', 'PCC'),
('OE204', 'Cost Management and Engineering', 3.0, 5, 3, 'M.Tech DS', '2021', 'PCC'),
('OE204', 'Cost Management and Engineering', 3.0, 5, 3, 'M.Tech IS', '2021', 'PCC'),
('OE205', 'Composite Materials', 3.0, 5, 3, 'M.Tech DS', '2021', 'PCC'),
('OE205', 'Composite Materials', 3.0, 5, 3, 'M.Tech IS', '2021', 'PCC'),
('OE206', 'Waste to Energy', 3.0, 5, 3, 'M.Tech DS', '2021', 'PCC'),
('OE206', 'Waste to Energy', 3.0, 5, 3, 'M.Tech IS', '2021', 'PCC'),
('SH201', 'Biology for Engineers', 2.0, 5, 3, 'B.Tech', '2021', 'PCC');

--
-- Triggers `course`
--
DELIMITER $$
CREATE TRIGGER `after_course_insert` AFTER INSERT ON `course` FOR EACH ROW BEGIN
    DECLARE co_count INT;
    DECLARE i INT DEFAULT 1;
    
    SET co_count = NEW.no_of_co;
    
    WHILE i <= co_count DO
        IF NOT EXISTS (
            SELECT 1 FROM course_outcome WHERE course_id = NEW.code AND co_number = i
        ) THEN
            INSERT INTO course_outcome(course_id, co_number)
            VALUES (NEW.code, i);
        END IF;
        
        SET i = i + 1;
    END WHILE;
END
$$
DELIMITER ;

-- --------------------------------------------------------

--
-- Table structure for table `course_outcome`
--

CREATE TABLE `course_outcome` (
  `id` int(11) NOT NULL,
  `course_id` varchar(20) DEFAULT NULL,
  `co_number` int(11) DEFAULT NULL
) ENGINE=InnoDB DEFAULT CHARSET=utf8mb4 COLLATE=utf8mb4_general_ci;

--
-- Dumping data for table `course_outcome`
--

INSERT INTO `course_outcome` (`id`, `course_id`, `co_number`) VALUES
(36, 'SH201', 1),
(37, 'SH201', 2),
(38, 'SH201', 3),
(39, 'SH201', 4),
(40, 'SH201', 5),
(41, 'EC235', 1),
(42, 'EC235', 2),
(43, 'EC235', 3),
(44, 'EC235', 4),
(45, 'EC235', 5),
(46, 'CS203', 1),
(47, 'CS203', 2),
(48, 'CS203', 3),
(49, 'CS203', 4),
(50, 'CS203', 5),
(51, 'CS204', 1),
(52, 'CS204', 2),
(53, 'CS204', 3),
(54, 'CS204', 4),
(55, 'CS204', 5),
(56, 'CS205', 1),
(57, 'CS205', 2),
(58, 'CS205', 3),
(59, 'CS205', 4),
(60, 'CS205', 5),
(61, 'EC236', 1),
(62, 'EC236', 2),
(63, 'EC236', 3),
(64, 'EC236', 4),
(65, 'EC236', 5),
(66, 'CS206', 1),
(67, 'CS206', 2),
(68, 'CS206', 3),
(69, 'CS206', 4),
(70, 'CS206', 5),
(71, 'CS207', 1),
(72, 'CS207', 2),
(73, 'CS207', 3),
(74, 'CS207', 4),
(75, 'CS207', 5),
(76, 'MA206', 1),
(77, 'MA206', 2),
(78, 'MA206', 3),
(79, 'MA206', 4),
(80, 'MA206', 5),
(86, 'CS209', 1),
(87, 'CS209', 2),
(88, 'CS209', 3),
(89, 'CS209', 4),
(90, 'CS209', 5),
(91, 'CS210', 1),
(92, 'CS210', 2),
(93, 'CS210', 3),
(94, 'CS210', 4),
(95, 'CS210', 5),
(96, 'CS211', 1),
(97, 'CS211', 2),
(98, 'CS211', 3),
(99, 'CS211', 4),
(100, 'CS211', 5),
(101, 'CS212', 1),
(102, 'CS212', 2),
(103, 'CS212', 3),
(104, 'CS212', 4),
(105, 'CS212', 5),
(106, 'CS213', 1),
(107, 'CS213', 2),
(108, 'CS213', 3),
(109, 'CS213', 4),
(110, 'CS213', 5),
(111, 'CS214', 1),
(112, 'CS214', 2),
(113, 'CS214', 3),
(114, 'CS214', 4),
(115, 'CS214', 5),
(116, 'HS202', 1),
(117, 'HS202', 2),
(118, 'HS202', 3),
(119, 'HS202', 4),
(120, 'HS202', 5),
(121, 'CS215', 1),
(122, 'CS215', 2),
(123, 'CS215', 3),
(124, 'CS215', 4),
(125, 'CS215', 5),
(126, 'CS216', 1),
(127, 'CS216', 2),
(128, 'CS216', 3),
(129, 'CS216', 4),
(130, 'CS216', 5),
(131, 'CS217', 1),
(132, 'CS217', 2),
(133, 'CS217', 3),
(134, 'CS217', 4),
(135, 'CS217', 5),
(136, 'CS218', 1),
(137, 'CS218', 2),
(138, 'CS218', 3),
(139, 'CS218', 4),
(140, 'CS218', 5),
(141, 'CS219', 1),
(142, 'CS219', 2),
(143, 'CS219', 3),
(144, 'CS219', 4),
(145, 'CS219', 5),
(146, 'EP201', 1),
(147, 'EP201', 2),
(148, 'EP201', 3),
(149, 'EP201', 4),
(150, 'EP201', 5),
(151, 'CS220', 1),
(152, 'CS220', 2),
(153, 'CS220', 3),
(154, 'CS220', 4),
(155, 'CS220', 5),
(156, 'CS221', 1),
(157, 'CS221', 2),
(158, 'CS221', 3),
(159, 'CS221', 4),
(160, 'CS221', 5),
(161, 'CS222', 1),
(162, 'CS222', 2),
(163, 'CS222', 3),
(164, 'CS222', 4),
(165, 'CS222', 5),
(166, 'CS223', 1),
(167, 'CS223', 2),
(168, 'CS223', 3),
(169, 'CS223', 4),
(170, 'CS223', 5),
(171, 'CS224', 1),
(172, 'CS224', 2),
(173, 'CS224', 3),
(174, 'CS224', 4),
(175, 'CS224', 5),
(176, 'CS225', 1),
(177, 'CS225', 2),
(178, 'CS225', 3),
(179, 'CS225', 4),
(180, 'CS225', 5),
(181, 'CS226', 1),
(182, 'CS226', 2),
(183, 'CS226', 3),
(184, 'CS226', 4),
(185, 'CS226', 5),
(186, 'CS227', 1),
(187, 'CS227', 2),
(188, 'CS227', 3),
(189, 'CS227', 4),
(190, 'CS227', 5),
(191, 'CS228', 1),
(192, 'CS228', 2),
(193, 'CS228', 3),
(194, 'CS228', 4),
(195, 'CS228', 5),
(201, 'CS230', 1),
(202, 'CS230', 2),
(203, 'CS230', 3),
(204, 'CS230', 4),
(205, 'CS230', 5),
(211, 'CS232', 1),
(212, 'CS232', 2),
(213, 'CS232', 3),
(214, 'CS232', 4),
(215, 'CS232', 5),
(221, 'CSH01', 1),
(222, 'CSH01', 2),
(223, 'CSH01', 3),
(224, 'CSH01', 4),
(225, 'CSH01', 5),
(226, 'CSM01', 1),
(227, 'CSM01', 2),
(228, 'CSM01', 3),
(229, 'CSM01', 4),
(230, 'CSM01', 5),
(231, 'CSH02', 1),
(232, 'CSH02', 2),
(233, 'CSH02', 3),
(234, 'CSH02', 4),
(235, 'CSH02', 5),
(236, 'CSM02', 1),
(237, 'CSM02', 2),
(238, 'CSM02', 3),
(239, 'CSM02', 4),
(240, 'CSM02', 5),
(241, 'CSH03', 1),
(242, 'CSH03', 2),
(243, 'CSH03', 3),
(244, 'CSH03', 4),
(245, 'CSH03', 5),
(246, 'CSM03', 1),
(247, 'CSM03', 2),
(248, 'CSM03', 3),
(249, 'CSM03', 4),
(250, 'CSM03', 5),
(251, 'CSH04', 1),
(252, 'CSH04', 2),
(253, 'CSH04', 3),
(254, 'CSH04', 4),
(255, 'CSH04', 5),
(256, 'CSM04', 1),
(257, 'CSM04', 2),
(258, 'CSM04', 3),
(259, 'CSM04', 4),
(260, 'CSM04', 5),
(261, 'CSH05', 1),
(262, 'CSH05', 2),
(263, 'CSH05', 3),
(264, 'CSH05', 4),
(265, 'CSH05', 5),
(266, 'CSM05', 1),
(267, 'CSM05', 2),
(268, 'CSM05', 3),
(269, 'CSM05', 4),
(270, 'CSM05', 5),
(271, 'CSY01', 1),
(272, 'CSY01', 2),
(273, 'CSY01', 3),
(274, 'CSY01', 4),
(275, 'CSY01', 5),
(276, 'CSY02', 1),
(277, 'CSY02', 2),
(278, 'CSY02', 3),
(279, 'CSY02', 4),
(280, 'CSY02', 5),
(281, 'CSY03', 1),
(282, 'CSY03', 2),
(283, 'CSY03', 3),
(284, 'CSY03', 4),
(285, 'CSY03', 5),
(286, 'CSY04', 1),
(287, 'CSY04', 2),
(288, 'CSY04', 3),
(289, 'CSY04', 4),
(290, 'CSY04', 5),
(291, 'CSY05', 1),
(292, 'CSY05', 2),
(293, 'CSY05', 3),
(294, 'CSY05', 4),
(295, 'CSY05', 5),
(296, 'CSY06', 1),
(297, 'CSY06', 2),
(298, 'CSY06', 3),
(299, 'CSY06', 4),
(300, 'CSY06', 5),
(301, 'CSY07', 1),
(302, 'CSY07', 2),
(303, 'CSY07', 3),
(304, 'CSY07', 4),
(305, 'CSY07', 5),
(306, 'CSY08', 1),
(307, 'CSY08', 2),
(308, 'CSY08', 3),
(309, 'CSY08', 4),
(310, 'CSY08', 5),
(311, 'CSY09', 1),
(312, 'CSY09', 2),
(313, 'CSY09', 3),
(314, 'CSY09', 4),
(315, 'CSY09', 5),
(316, 'CSY10', 1),
(317, 'CSY10', 2),
(318, 'CSY10', 3),
(319, 'CSY10', 4),
(320, 'CSY10', 5),
(321, 'CSY11', 1),
(322, 'CSY11', 2),
(323, 'CSY11', 3),
(324, 'CSY11', 4),
(325, 'CSY11', 5),
(326, 'CS229', 1),
(327, 'CS229', 2),
(328, 'CS229', 3),
(329, 'CS229', 4),
(330, 'CS231', 1),
(331, 'CS231', 2),
(332, 'CS231', 3),
(333, 'CS231', 4),
(334, 'CS231', 5),
(335, 'CS233', 1),
(336, 'CS233', 2),
(337, 'CS233', 3),
(338, 'CS233', 4),
(339, 'CS233', 5),
(340, 'CS208', 1),
(341, 'CS208', 2),
(342, 'CS208', 3),
(343, 'CS208', 4),
(344, 'CS208', 5),
(1480, 'CS251', 1),
(1481, 'CS251', 2),
(1482, 'CS251', 3),
(1483, 'CS251', 4),
(1484, 'CS251', 5),
(1485, 'CS252', 1),
(1486, 'CS252', 2),
(1487, 'CS252', 3),
(1488, 'CS252', 4),
(1489, 'CS252', 5),
(1490, 'CS253', 1),
(1491, 'CS253', 2),
(1492, 'CS253', 3),
(1493, 'CS253', 4),
(1494, 'CS254', 1),
(1495, 'CS254', 2),
(1496, 'CS254', 3),
(1497, 'CS255', 1),
(1498, 'CS255', 2),
(1499, 'CS255', 3),
(1500, 'CS256', 1),
(1501, 'CS256', 2),
(1502, 'CS256', 3),
(1503, 'CS256', 4),
(1504, 'CS256', 5),
(1505, 'CS257', 1),
(1506, 'CS257', 2),
(1507, 'CS257', 3),
(1508, 'CS257', 4),
(1509, 'CS258', 1),
(1510, 'CS258', 2),
(1511, 'CS258', 3),
(1512, 'CS258', 4),
(1513, 'CS258', 5),
(1514, 'CS259', 1),
(1515, 'CS259', 2),
(1516, 'CS259', 3),
(1517, 'CS260', 1),
(1518, 'CS260', 2),
(1519, 'CS260', 3),
(1520, 'CS260', 4),
(1521, 'CS261', 1),
(1522, 'CS261', 2),
(1523, 'CS261', 3),
(1524, 'CS261', 4),
(1525, 'CS261', 5),
(1526, 'CS262', 1),
(1527, 'CS262', 2),
(1528, 'CS262', 3),
(1529, 'CS262', 4),
(1530, 'CS262', 5),
(1531, 'OE201', 1),
(1532, 'OE201', 2),
(1533, 'OE201', 3),
(1534, 'OE201', 4),
(1535, 'OE202', 1),
(1536, 'OE202', 2),
(1537, 'OE202', 3),
(1538, 'OE202', 4),
(1539, 'OE202', 5),
(1540, 'OE203', 1),
(1541, 'OE203', 2),
(1542, 'OE203', 3),
(1543, 'OE203', 4),
(1544, 'OE204', 1),
(1545, 'OE204', 2),
(1546, 'OE204', 3),
(1547, 'OE204', 4),
(1548, 'OE204', 5),
(1549, 'OE205', 1),
(1550, 'OE205', 2),
(1551, 'OE205', 3),
(1552, 'OE205', 4),
(1553, 'OE205', 5),
(1554, 'OE206', 1),
(1555, 'OE206', 2),
(1556, 'OE206', 3),
(1557, 'OE206', 4),
(1558, 'OE206', 5),
(1559, 'CSZ01', 1),
(1560, 'CSZ01', 2),
(1561, 'CSZ01', 3),
(1562, 'CSZ01', 4),
(1563, 'CSZ01', 5),
(1564, 'CSZ02', 1),
(1565, 'CSZ02', 2),
(1566, 'CSZ02', 3),
(1567, 'CSZ02', 4),
(1568, 'CSZ02', 5),
(1569, 'CSZ03', 1),
(1570, 'CSZ03', 2),
(1571, 'CSZ03', 3),
(1572, 'CSZ03', 4),
(1573, 'CSZ04', 1),
(1574, 'CSZ04', 2),
(1575, 'CSZ04', 3),
(1576, 'CSZ04', 4),
(1577, 'CSZ05', 1),
(1578, 'CSZ05', 2),
(1579, 'CSZ05', 3),
(1580, 'CSZ05', 4),
(1581, 'CSZ05', 5),
(1582, 'CSZ06', 1),
(1583, 'CSZ06', 2),
(1584, 'CSZ06', 3),
(1585, 'CSZ06', 4),
(1586, 'CSZ06', 5),
(1587, 'CSZ07', 1),
(1588, 'CSZ07', 2),
(1589, 'CSZ07', 3),
(1590, 'CSZ07', 4),
(1591, 'CSZ07', 5),
(1592, 'CSZ08', 1),
(1593, 'CSZ08', 2),
(1594, 'CSZ08', 3),
(1595, 'CSZ08', 4),
(1596, 'CSZ08', 5),
(1597, 'CSZ09', 1),
(1598, 'CSZ09', 2),
(1599, 'CSZ09', 3),
(1600, 'CSZ09', 4),
(1601, 'CSZ10', 1),
(1602, 'CSZ10', 2),
(1603, 'CSZ10', 3),
(1604, 'CSZ10', 4),
(1605, 'CSZ10', 5),
(1606, 'CSZ11', 1),
(1607, 'CSZ11', 2),
(1608, 'CSZ11', 3),
(1609, 'CSZ11', 4),
(1610, 'CSZ12', 1),
(1611, 'CSZ12', 2),
(1612, 'CSZ12', 3),
(1613, 'CSZ12', 4),
(1614, 'CSZ12', 5),
(1615, 'CSZ13', 1),
(1616, 'CSZ13', 2),
(1617, 'CSZ13', 3),
(1618, 'CSZ13', 4),
(1619, 'CSZ14', 1),
(1620, 'CSZ14', 2),
(1621, 'CSZ14', 3),
(1622, 'CSZ14', 4),
(1623, 'CSZ14', 5),
(1624, 'CSZ15', 1),
(1625, 'CSZ15', 2),
(1626, 'CSZ15', 3),
(1627, 'CSZ15', 4),
(1628, 'CSZ15', 5),
(1629, 'CS263', 1),
(1630, 'CS263', 2),
(1631, 'CS263', 3),
(1632, 'CS263', 4),
(1633, 'CS264', 1),
(1634, 'CS264', 2),
(1635, 'CS264', 3),
(1636, 'CS264', 4),
(1637, 'CS264', 5),
(1638, 'CS265', 1),
(1639, 'CS265', 2),
(1640, 'CS265', 3),
(1641, 'CS265', 4),
(1642, 'CS265', 5),
(1643, 'CS266', 1),
(1644, 'CS266', 2),
(1645, 'CS266', 3),
(1646, 'CS255', 4),
(1647, 'CS255', 5),
(1648, 'CS267', 1),
(1649, 'CS267', 2),
(1650, 'CS267', 3),
(1651, 'CS268', 1),
(1652, 'CS268', 2),
(1653, 'CS268', 3),
(1654, 'CS268', 4),
(1655, 'CS269', 1),
(1656, 'CS269', 2),
(1657, 'CS269', 3),
(1658, 'CS270', 1),
(1659, 'CS270', 2),
(1660, 'CS270', 3),
(1661, 'CS271', 1),
(1662, 'CS271', 2),
(1663, 'CS271', 3),
(1664, 'CS271', 4),
(1665, 'CS271', 5),
(1666, 'CS272', 1),
(1667, 'CS272', 2),
(1668, 'CS272', 3),
(1669, 'CS272', 4),
(1670, 'CS272', 5),
(1671, 'CS273', 1),
(1672, 'CS273', 2),
(1673, 'CS273', 3),
(1674, 'CS273', 4),
(1675, 'CS273', 5),
(1676, 'CSZ28', 1),
(1677, 'CSZ28', 2),
(1678, 'CSZ28', 3),
(1679, 'CSZ28', 4),
(1680, 'CSZ16', 1),
(1681, 'CSZ16', 2),
(1682, 'CSZ16', 3),
(1683, 'CSZ16', 4),
(1684, 'CSZ16', 5),
(1685, 'CSZ17', 1),
(1686, 'CSZ17', 2),
(1687, 'CSZ17', 3),
(1688, 'CSZ17', 4),
(1689, 'CSZ17', 5),
(1690, 'CSZ18', 1),
(1691, 'CSZ18', 2),
(1692, 'CSZ18', 3),
(1693, 'CSZ18', 4),
(1694, 'CSZ18', 5),
(1695, 'CSZ19', 1),
(1696, 'CSZ19', 2),
(1697, 'CSZ19', 3),
(1698, 'CSZ19', 4),
(1699, 'CSZ20', 1),
(1700, 'CSZ20', 2),
(1701, 'CSZ20', 3),
(1702, 'CSZ20', 4),
(1703, 'CSZ21', 1),
(1704, 'CSZ21', 2),
(1705, 'CSZ21', 3),
(1706, 'CSZ21', 4),
(1707, 'CSZ21', 5),
(1708, 'CSZ22', 1),
(1709, 'CSZ22', 2),
(1710, 'CSZ22', 3),
(1711, 'CSZ22', 4),
(1712, 'CSZ22', 5),
(1713, 'CSZ23', 1),
(1714, 'CSZ23', 2),
(1715, 'CSZ23', 3),
(1716, 'CSZ23', 4),
(1717, 'CSZ24', 1),
(1718, 'CSZ24', 2),
(1719, 'CSZ24', 3),
(1720, 'CSZ24', 4),
(1721, 'CSZ24', 5),
(1722, 'CSZ25', 1),
(1723, 'CSZ25', 2),
(1724, 'CSZ25', 3),
(1725, 'CSZ25', 4),
(1726, 'CSZ25', 5),
(1727, 'CSZ26', 1),
(1728, 'CSZ26', 2),
(1729, 'CSZ26', 3),
(1730, 'CSZ26', 4),
(1731, 'CSZ27', 1),
(1732, 'CSZ27', 2),
(1733, 'CSZ27', 3),
(1734, 'CSZ27', 4),
(1735, 'MA253', 1),
(1736, 'MA253', 2),
(1737, 'MA253', 3),
(1738, 'MA253', 4),
(1739, 'MA253', 5),
(1740, 'CA201', 1),
(1741, 'CA201', 2),
(1742, 'CA201', 3),
(1743, 'CA201', 4),
(1744, 'CA201', 5),
(1745, 'CA202', 1),
(1746, 'CA202', 2),
(1747, 'CA202', 3),
(1748, 'CA202', 4),
(1749, 'CA202', 5),
(1750, 'CA203', 1),
(1751, 'CA203', 2),
(1752, 'CA203', 3),
(1753, 'CA203', 4),
(1754, 'CA204', 1),
(1755, 'CA204', 2),
(1756, 'CA204', 3),
(1757, 'CA204', 4),
(1758, 'CA204', 5),
(1759, 'CA205', 1),
(1760, 'CA205', 2),
(1761, 'CA205', 3),
(1762, 'CA205', 4),
(1763, 'CA205', 5),
(1764, 'CA206', 1),
(1765, 'CA206', 2),
(1766, 'CA206', 3),
(1767, 'CA206', 4),
(1768, 'CA206', 5),
(1769, 'CA207', 1),
(1770, 'CA207', 2),
(1771, 'CA207', 3),
(1772, 'CA207', 4),
(1773, 'CA208', 1),
(1774, 'CA208', 2),
(1775, 'CA208', 3),
(1776, 'CA208', 4),
(1777, 'CA209', 1),
(1778, 'CA209', 2),
(1779, 'CA209', 3),
(1780, 'CA209', 4),
(1781, 'CA209', 5),
(1782, 'CA210', 1),
(1783, 'CA210', 2),
(1784, 'CA210', 3),
(1785, 'CA211', 1),
(1786, 'CA211', 2),
(1787, 'CA211', 3),
(1788, 'CA211', 4),
(1789, 'CA212', 1),
(1790, 'CA212', 2),
(1791, 'CA212', 3),
(1792, 'CA212', 4),
(1793, 'CA213', 1),
(1794, 'CA213', 2),
(1795, 'CA213', 3),
(1796, 'CA213', 4),
(1797, 'CA213', 5),
(1798, 'CA214', 1),
(1799, 'CA214', 2),
(1800, 'CA214', 3),
(1801, 'CA215', 1),
(1802, 'CA215', 2),
(1803, 'CA215', 3),
(1804, 'CA215', 4),
(1805, 'CA215', 5),
(1806, 'CA216', 1),
(1807, 'CA216', 2),
(1808, 'CA216', 3),
(1809, 'CA216', 4),
(1810, 'CA216', 5),
(1811, 'CA217', 1),
(1812, 'CA217', 2),
(1813, 'CA217', 3),
(1814, 'CA218', 1),
(1815, 'CA218', 2),
(1816, 'CA218', 3),
(1817, 'CA218', 4),
(1818, 'CA218', 5),
(1819, 'CAZ01', 1),
(1820, 'CAZ01', 2),
(1821, 'CAZ01', 3),
(1822, 'CAZ01', 4),
(1823, 'CAZ02', 1),
(1824, 'CAZ02', 2),
(1825, 'CAZ02', 3),
(1826, 'CAZ02', 4),
(1827, 'CAZ02', 5),
(1828, 'CAZ03', 1),
(1829, 'CAZ03', 2),
(1830, 'CAZ03', 3),
(1831, 'CAZ03', 4),
(1832, 'CAZ03', 5),
(1833, 'CAZ04', 1),
(1834, 'CAZ04', 2),
(1835, 'CAZ04', 3),
(1836, 'CAZ05', 1),
(1837, 'CAZ05', 2),
(1838, 'CAZ05', 3),
(1839, 'CAZ05', 4),
(1840, 'CAZ06', 1),
(1841, 'CAZ06', 2),
(1842, 'CAZ06', 3),
(1843, 'CAZ06', 4),
(1844, 'CAZ06', 5),
(1845, 'CAZ07', 1),
(1846, 'CAZ07', 2),
(1847, 'CAZ07', 3),
(1848, 'CAZ08', 1),
(1849, 'CAZ08', 2),
(1850, 'CAZ08', 3),
(1851, 'CAZ08', 4),
(1852, 'CAZ08', 5),
(1853, 'CAZ09', 1),
(1854, 'CAZ09', 2),
(1855, 'CAZ09', 3),
(1856, 'CAZ09', 4),
(1857, 'CAZ09', 5),
(1858, 'CAZ10', 1),
(1859, 'CAZ10', 2),
(1860, 'CAZ10', 3),
(1861, 'CAZ10', 4),
(1862, 'CAZ11', 1),
(1863, 'CAZ11', 2),
(1864, 'CAZ11', 3),
(1865, 'CAZ11', 4),
(1866, 'CAZ11', 5),
(1867, 'CAZ12', 1),
(1868, 'CAZ12', 2),
(1869, 'CAZ12', 3),
(1870, 'CAZ12', 4),
(1871, 'CAZ12', 5),
(1872, 'CAZ13', 1),
(1873, 'CAZ13', 2),
(1874, 'CAZ13', 3),
(1875, 'CAZ13', 4),
(1876, 'CAZ13', 5),
(1877, 'CAZ14', 1),
(1878, 'CAZ14', 2),
(1879, 'CAZ14', 3),
(1880, 'CAZ14', 4),
(1881, 'CAZ14', 5),
(1882, 'CAZ15', 1),
(1883, 'CAZ15', 2),
(1884, 'CAZ15', 3),
(1885, 'CAZ15', 4),
(1886, 'CAZ15', 5),
(1887, 'CAZ16', 1),
(1888, 'CAZ16', 2),
(1889, 'CAZ16', 3),
(1890, 'CAZ16', 4),
(1891, 'CAZ16', 5),
(1892, 'CAZ17', 1),
(1893, 'CAZ17', 2),
(1894, 'CAZ17', 3),
(1895, 'CAZ17', 4),
(1896, 'CAZ18', 1),
(1897, 'CAZ18', 2),
(1898, 'CAZ18', 3),
(1899, 'CAZ19', 1),
(1900, 'CAZ19', 2),
(1901, 'CAZ19', 3),
(1902, 'CAZ19', 4),
(1903, 'CAZ20', 1),
(1904, 'CAZ20', 2),
(1905, 'CAZ20', 3),
(1906, 'CAZ20', 4),
(1907, 'CAZ20', 5);

-- --------------------------------------------------------

--
-- Table structure for table `co_assignment_results`
--

CREATE TABLE `co_assignment_results` (
  `id` int(11) NOT NULL,
  `co_id` int(11) DEFAULT NULL,
  `assignment_id` int(11) DEFAULT NULL,
  `co_percentage` decimal(4,1) NOT NULL,
  `co_level` int(11) NOT NULL
) ENGINE=InnoDB DEFAULT CHARSET=utf8mb4 COLLATE=utf8mb4_general_ci;

--
-- Dumping data for table `co_assignment_results`
--

INSERT INTO `co_assignment_results` (`id`, `co_id`, `assignment_id`, `co_percentage`, `co_level`) VALUES
(30, 91, 27, 87.9, 3),
(31, 92, 27, 87.1, 3),
(32, 93, 27, 75.8, 3),
(33, 93, 28, 100.0, 3),
(34, 94, 28, 100.0, 3),
(35, 95, 28, 98.4, 3);

-- --------------------------------------------------------

--
-- Table structure for table `co_attainment`
--

CREATE TABLE `co_attainment` (
  `fc_id` int(11) NOT NULL,
  `faculty_id` int(11) DEFAULT NULL,
  `faculty_name` varchar(255) DEFAULT NULL,
  `course_id` varchar(50) DEFAULT NULL,
  `course_name` varchar(255) DEFAULT NULL,
  `type` varchar(50) DEFAULT NULL,
  `semester` int(11) DEFAULT NULL,
  `section` varchar(10) DEFAULT NULL,
  `batch` varchar(50) DEFAULT NULL,
  `regulation` varchar(10) DEFAULT NULL,
  `co_number` varchar(10) NOT NULL,
  `ca` float DEFAULT NULL
) ENGINE=InnoDB DEFAULT CHARSET=utf8mb4 COLLATE=utf8mb4_general_ci;

-- --------------------------------------------------------

--
-- Table structure for table `co_overall`
--

CREATE TABLE `co_overall` (
  `id` int(11) NOT NULL,
  `fc_id` int(11) DEFAULT NULL,
  `cia` decimal(4,2) DEFAULT NULL,
  `se` decimal(3,1) DEFAULT NULL,
  `da` decimal(4,2) DEFAULT NULL,
  `ia` decimal(3,1) DEFAULT NULL,
  `ca` decimal(4,2) DEFAULT NULL,
  `co_id` int(11) NOT NULL
) ENGINE=InnoDB DEFAULT CHARSET=utf8mb4 COLLATE=utf8mb4_general_ci;

--
-- Dumping data for table `co_overall`
--

INSERT INTO `co_overall` (`id`, `fc_id`, `cia`, `se`, `da`, `ia`, `ca`, `co_id`) VALUES
(171, 110, 2.00, 0.0, 0.00, 0.0, 0.00, 91),
(172, 110, 1.67, 0.0, 0.00, 0.0, 0.00, 92),
(173, 110, 3.00, 0.0, 0.00, 0.0, 0.00, 93),
(174, 110, 2.50, 0.0, 0.00, 0.0, 0.00, 94),
(175, 110, 3.00, 0.0, 0.00, 0.0, 0.00, 95);

-- --------------------------------------------------------

--
-- Table structure for table `co_test_results`
--

CREATE TABLE `co_test_results` (
  `id` int(11) NOT NULL,
  `co_id` int(11) DEFAULT NULL,
  `test_id` int(11) DEFAULT NULL,
  `co_percentage` int(11) NOT NULL,
  `co_level` int(11) NOT NULL
) ENGINE=InnoDB DEFAULT CHARSET=utf8mb4 COLLATE=utf8mb4_general_ci;

--
-- Dumping data for table `co_test_results`
--

INSERT INTO `co_test_results` (`id`, `co_id`, `test_id`, `co_percentage`, `co_level`) VALUES
(113, 1704, 115, 0, 0),
(114, 1705, 115, 62, 3),
(115, 92, 116, 44, 1),
(116, 94, 116, 58, 2),
(117, 91, 116, 58, 2),
(118, 91, 117, 46, 1),
(119, 92, 117, 46, 1);

-- --------------------------------------------------------

--
-- Table structure for table `curriculum_mapping`
--

CREATE TABLE `curriculum_mapping` (
  `id` int(11) NOT NULL,
  `type` varchar(20) NOT NULL,
  `regulation` int(11) NOT NULL,
  `batch` varchar(10) NOT NULL
) ENGINE=InnoDB DEFAULT CHARSET=utf8mb4 COLLATE=utf8mb4_general_ci;

--
-- Dumping data for table `curriculum_mapping`
--

INSERT INTO `curriculum_mapping` (`id`, `type`, `regulation`, `batch`) VALUES
(1, 'B.Tech', 2021, '2022-2026');

-- --------------------------------------------------------

--
-- Table structure for table `faculty`
--

CREATE TABLE `faculty` (
  `id` varchar(20) NOT NULL,
  `name` varchar(50) NOT NULL,
  `email` varchar(50) NOT NULL,
  `password` varchar(50) DEFAULT NULL,
  `role` varchar(20) NOT NULL
) ENGINE=InnoDB DEFAULT CHARSET=utf8mb4 COLLATE=utf8mb4_general_ci;

--
-- Dumping data for table `faculty`
--

INSERT INTO `faculty` (`id`, `name`, `email`, `password`, `role`) VALUES
('1000', 'Dr.R.Kavitha Kumar', 'rkavithakumar@ptuniv.edu.in', '123456', 'faculty'),
('1001', 'Dr. V. Akila ', 'akila@ptuniv.edu.in', '123456', 'admin'),
('1002', 'Dr. K. Saruladha', 'charuladha@ptuniv.edu.in', '123456', 'admin'),
('1003', 'Dr. K. Vivekanandan', 'k.vivekanandan@ptuniv.edu.in', '123456', 'faculty'),
('1004', 'Dr. N. Sreenath', 'nsreenath@ptuniv.edu.in', '123456', 'faculty'),
('1005', 'Dr. M. Sugumaran', 'sugu@ptuniv.edu.in', '123456', 'faculty'),
('1006', 'Dr. R. Manoharan', 'rmanoharan@ptuniv.edu.in', '123456', 'faculty'),
('1007', 'Dr. F. Sagayaraj Francis', 'fsfrancis@ptuniv.edu.in', '123456', 'faculty'),
('1008', 'Dr. G. Zayaraz', 'gzayaraz@ptuniv.edu.in', '123456', 'faculty'),
('1009', 'Dr. E. Ilavarasan', 'eilavarasan@ptuniv.edu.in', '123456', 'hod'),
('1010', 'Dr. Ka. Selvaradjou', 'selvaraj@ptuniv.edu.in', '123456', 'hod'),
('1011', 'Dr. R. Kalpana', 'rkalpana@ptuniv.edu.in', '123456', 'faculty'),
('1012', 'Dr. A. Amuthan', 'amuthan@ptuniv.edu.in', '123456', 'faculty'),
('1013', 'Dr. S. Lakshmana Pandian', 'lpandian@ptuniv.edu.in', '123456', 'faculty'),
('1014', 'Dr. J. Jayabharathy', 'jayabharathy@ptuniv.edu.in', '123456', 'faculty'),
('1015', 'Dr. K. Sathiyamurthy', 'sathiyamurthyk@ptuniv.edu.in', '123456', 'faculty'),
('1016', 'Dr. E. Karunakaran', 'ekaruna@ptuniv.edu.in', '123456', 'faculty'),
('1017', 'Dr. N. Sivakumar', 'sivakumar@ptuniv.edu.in', '123456', 'faculty'),
('1018', 'Dr.R. Sarala', 'sarala@ptuniv.edu.in', '123456', 'faculty'),
('1019', 'Dr. J. Kumaran @ Kumar', 'kumaran@ptuniv.edu.in', '123456', 'faculty'),
('1020', 'Dr.M. Thirumaran', 'thirumaran@ptuniv.edu.in', '123456', 'faculty'),
('1021', 'Dr. P. Salini', 'salini@ptuniv.edu.in', '123456', 'faculty'),
('1022', 'Dr. M. Thenmozhi', 'thenmozhi@ptuniv.edu.in', '123456', 'faculty'),
('1023', 'Dr. J. I. Sheeba', 'sheeba@ptuniv.edu.in', '123456', 'faculty'),
('1024', 'Dr.SV Vimala', 'vimala.sv@ptuniv.edu.in', '123456', 'faculty'),
('1025', 'Dr.P.Dharanyadevi ', 'dharanyadevi.p@ptuniv.edu.in', '123456', 'faculty'),
('1026', 'Dr.C.Kalaiarasy', 'kalaidivio43@ptuniv.edu.in', '123456', 'faculty'),
('1027', 'Dr.R.Raj Priyadarshini', 'mbrpriyadarshini@ptuniv.edu.in', '123456', 'faculty');

-- --------------------------------------------------------

--
-- Table structure for table `faculty_course`
--

CREATE TABLE `faculty_course` (
  `id` int(11) NOT NULL,
  `faculty_id` varchar(20) DEFAULT NULL,
  `course_id` varchar(20) DEFAULT NULL,
  `section` char(1) DEFAULT NULL,
  `type` varchar(10) NOT NULL,
  `batch` varchar(20) NOT NULL
) ENGINE=InnoDB DEFAULT CHARSET=utf8mb4 COLLATE=utf8mb4_general_ci;

--
-- Dumping data for table `faculty_course`
--

INSERT INTO `faculty_course` (`id`, `faculty_id`, `course_id`, `section`, `type`, `batch`) VALUES
(108, '1001', 'CS208', 'A', 'B.Tech', '2023-2027'),
(109, '1014', 'CS209', 'A', 'B.Tech', '2023-2027'),
(110, '1002', 'CS210', 'A', 'B.Tech', '2023-2027'),
(111, '1019', 'CS211', 'A', 'B.Tech', '2023-2027'),
(112, '1001', 'CS212', 'A', 'B.Tech', '2023-2027'),
(113, '1008', 'CS213', 'A', 'B.Tech', '2023-2027'),
(114, '1002', 'CS214', 'A', 'B.Tech', '2023-2027'),
(115, '1022', 'CS208', 'B', 'B.Tech', '2023-2027'),
(116, '1021', 'CS209', 'B', 'B.Tech', '2023-2027'),
(117, '1017', 'CS210', 'B', 'B.Tech', '2023-2027'),
(118, '1008', 'CS211', 'B', 'B.Tech', '2023-2027'),
(119, '1022', 'CS212', 'B', 'B.Tech', '2023-2027'),
(120, '1021', 'CS213', 'B', 'B.Tech', '2023-2027'),
(121, '1017', 'CS214', 'B', 'B.Tech', '2023-2027'),
(122, '1017', 'EP201', 'A', 'B.Tech', '2022-2026'),
(123, '1013', 'CS220', 'A', 'B.Tech', '2022-2026'),
(124, '1020', 'CS221', 'A', 'B.Tech', '2022-2026'),
(125, '1018', 'CS222', 'A', 'B.Tech', '2022-2026'),
(126, '1015', 'CSY06', 'A', 'B.Tech', '2022-2026'),
(127, '1024', 'CSY05', 'A', 'B.Tech', '2022-2026'),
(128, '1015', 'CSY11', 'A', 'B.Tech', '2022-2026'),
(129, '1013', 'CS223', 'A', 'B.Tech', '2022-2026'),
(130, '1020', 'CS224', 'A', 'B.Tech', '2022-2026'),
(131, '1017', 'EP201', 'B', 'B.Tech', '2022-2026'),
(132, '1010', 'CS220', 'B', 'B.Tech', '2022-2026'),
(133, '1023', 'CS221', 'B', 'B.Tech', '2022-2026'),
(134, '1027', 'CS222', 'B', 'B.Tech', '2022-2026'),
(135, '1003', 'CSY03', 'B', 'B.Tech', '2022-2026'),
(136, '1024', 'CSY05', 'B', 'B.Tech', '2022-2026'),
(137, '1015', 'CSY11', 'B', 'B.Tech', '2022-2026'),
(138, '1010', 'CS223', 'B', 'B.Tech', '2022-2026'),
(139, '1023', 'CS224', 'B', 'B.Tech', '2022-2026'),
(140, '1009', 'CS231', 'A', 'B.Tech', '2021-2025'),
(141, '1017', 'CS233', 'A', 'B.Tech', '2021-2025'),
(142, '1020', 'CS233', 'B', 'B.Tech', '2021-2025'),
(298, '1024', 'CS256', NULL, 'M.Tech DS', '2024-2026'),
(299, '1002', 'CS257', NULL, 'M.Tech DS', '2024-2026'),
(300, '1015', 'CS258', NULL, 'M.Tech DS', '2024-2026'),
(301, '1022', 'CSZ11', NULL, 'M.Tech DS', '2024-2026'),
(302, '1013', 'CSZ09', NULL, 'M.Tech DS', '2024-2026'),
(303, '1015', 'CS259', NULL, 'M.Tech DS', '2024-2026'),
(304, '1003', 'CS260', NULL, 'M.Tech DS', '2024-2026'),
(305, '1001', 'CS262', NULL, 'M.Tech DS', '2023-2025'),
(316, '1009', 'CA209', NULL, 'MCA', '2024-2026'),
(317, '1006', 'CAZ02', NULL, 'MCA', '2024-2026'),
(318, '1007', 'CAZ07', NULL, 'MCA', '2024-2026'),
(319, '1000', 'CA210', NULL, 'MCA', '2024-2026'),
(320, '1009', 'CA211', NULL, 'MCA', '2024-2026'),
(321, '1007', 'CA217', NULL, 'MCA', '2023-2025'),
(322, '1023', 'CA218', NULL, 'MCA', '2023-2025'),
(324, '1001', 'CS262', NULL, 'M.Tech IS', '2023-2025'),
(342, '1001', 'CSZ21', NULL, 'M.Tech IS', '2024-2026'),
(343, '1004', 'CS269', NULL, 'M.Tech IS', '2024-2026'),
(344, '1004', 'CS270', NULL, 'M.Tech IS', '2024-2026'),
(345, '1018', 'CS268', NULL, 'M.Tech IS', '2024-2026'),
(346, '1021', 'CSZ25', NULL, 'M.Tech IS', '2024-2026'),
(347, '1003', 'CS271', NULL, 'M.Tech IS', '2024-2026'),
(348, '1011', 'CS267', NULL, 'M.Tech IS', '2024-2026'),
(349, '1023', 'CA208', NULL, 'MCA', '2024-2026'),
(350, '1000', 'CA207', NULL, 'MCA', '2024-2026'),
(353, '1009', 'CS231', 'B', 'B.Tech', '2021-2025'),
(355, '1010', 'CSY05', 'B', 'elective', '2022-2026');

-- --------------------------------------------------------

--
-- Table structure for table `mark`
--

CREATE TABLE `mark` (
  `id` int(11) NOT NULL,
  `student_id` varchar(20) DEFAULT NULL,
  `test_id` int(11) DEFAULT NULL,
  `question_id` int(11) DEFAULT NULL,
  `obtained_mark` decimal(3,1) NOT NULL
) ENGINE=InnoDB DEFAULT CHARSET=utf8mb4 COLLATE=utf8mb4_general_ci;

--
-- Dumping data for table `mark`
--

INSERT INTO `mark` (`id`, `student_id`, `test_id`, `question_id`, `obtained_mark`) VALUES
(2401, '2401507201', 115, 245, 5.0),
(2402, '2401507201', 115, 246, 5.0),
(2403, '2401507202', 115, 245, 5.0),
(2404, '2401507202', 115, 246, 5.0),
(2405, '2401507203', 115, 245, 5.0),
(2406, '2401507203', 115, 246, 5.0),
(2407, '2401507204', 115, 245, 5.0),
(2408, '2401507204', 115, 246, 5.0),
(2409, '2401507205', 115, 245, -1.0),
(2410, '2401507205', 115, 246, -1.0),
(2411, '2401507206', 115, 245, 2.0),
(2412, '2401507206', 115, 246, 2.0),
(2413, '2401507207', 115, 245, 2.0),
(2414, '2401507207', 115, 246, 2.0),
(2415, '2401507208', 115, 245, 2.0),
(2416, '2401507208', 115, 246, 2.0),
(2417, '2401507209', 115, 245, 2.0),
(2418, '2401507209', 115, 246, 5.0),
(2419, '2201107025', 116, 247, -1.0),
(2420, '2201107025', 116, 248, -1.0),
(2421, '2201107025', 116, 249, -1.0),
(2422, '2201107025', 116, 250, -1.0),
(2423, '2201107025', 116, 251, -1.0),
(2424, '2201107025', 116, 252, -1.0),
(2425, '2201107025', 116, 253, -1.0),
(2426, '2201107025', 116, 254, -1.0),
(2427, '2201107025', 116, 255, -1.0),
(2428, '2201107025', 116, 256, -1.0),
(2429, '2201107025', 116, 257, -1.0),
(2430, '2201107025', 116, 258, -1.0),
(2431, '2301107001', 116, 247, 0.0),
(2432, '2301107001', 116, 248, 1.5),
(2433, '2301107001', 116, 249, 1.0),
(2434, '2301107001', 116, 250, 1.5),
(2435, '2301107001', 116, 251, 1.0),
(2436, '2301107001', 116, 252, 0.0),
(2437, '2301107001', 116, 253, 2.0),
(2438, '2301107001', 116, 254, 0.0),
(2439, '2301107001', 116, 255, 2.5),
(2440, '2301107001', 116, 256, 4.0),
(2441, '2301107001', 116, 257, 0.0),
(2442, '2301107001', 116, 258, 3.0),
(2443, '2301107002', 116, 247, -1.0),
(2444, '2301107002', 116, 248, -1.0),
(2445, '2301107002', 116, 249, -1.0),
(2446, '2301107002', 116, 250, -1.0),
(2447, '2301107002', 116, 251, -1.0),
(2448, '2301107002', 116, 252, -1.0),
(2449, '2301107002', 116, 253, -1.0),
(2450, '2301107002', 116, 254, -1.0),
(2451, '2301107002', 116, 255, -1.0),
(2452, '2301107002', 116, 256, -1.0),
(2453, '2301107002', 116, 257, -1.0),
(2454, '2301107002', 116, 258, -1.0),
(2455, '2301107003', 116, 247, 0.0),
(2456, '2301107003', 116, 248, 0.0),
(2457, '2301107003', 116, 249, 0.0),
(2458, '2301107003', 116, 250, 0.0),
(2459, '2301107003', 116, 251, 2.0),
(2460, '2301107003', 116, 252, 0.0),
(2461, '2301107003', 116, 253, 2.0),
(2462, '2301107003', 116, 254, 0.0),
(2463, '2301107003', 116, 255, 2.0),
(2464, '2301107003', 116, 256, 4.0),
(2465, '2301107003', 116, 257, 1.0),
(2466, '2301107003', 116, 258, 0.0),
(2467, '2301107004', 116, 247, -1.0),
(2468, '2301107004', 116, 248, -1.0),
(2469, '2301107004', 116, 249, -1.0),
(2470, '2301107004', 116, 250, -1.0),
(2471, '2301107004', 116, 251, -1.0),
(2472, '2301107004', 116, 252, -1.0),
(2473, '2301107004', 116, 253, -1.0),
(2474, '2301107004', 116, 254, -1.0),
(2475, '2301107004', 116, 255, -1.0),
(2476, '2301107004', 116, 256, -1.0),
(2477, '2301107004', 116, 257, -1.0),
(2478, '2301107004', 116, 258, -1.0),
(2479, '2301107005', 116, 247, 1.0),
(2480, '2301107005', 116, 248, 0.0),
(2481, '2301107005', 116, 249, 0.5),
(2482, '2301107005', 116, 250, 2.0),
(2483, '2301107005', 116, 251, 1.0),
(2484, '2301107005', 116, 252, 1.0),
(2485, '2301107005', 116, 253, 2.0),
(2486, '2301107005', 116, 254, 0.0),
(2487, '2301107005', 116, 255, 3.0),
(2488, '2301107005', 116, 256, 4.0),
(2489, '2301107005', 116, 257, 0.0),
(2490, '2301107005', 116, 258, 2.0),
(2491, '2301107006', 116, 247, 1.5),
(2492, '2301107006', 116, 248, 2.0),
(2493, '2301107006', 116, 249, 1.5),
(2494, '2301107006', 116, 250, 1.0),
(2495, '2301107006', 116, 251, 2.0),
(2496, '2301107006', 116, 252, 0.0),
(2497, '2301107006', 116, 253, 0.0),
(2498, '2301107006', 116, 254, 0.0),
(2499, '2301107006', 116, 255, 2.0),
(2500, '2301107006', 116, 256, 4.0),
(2501, '2301107006', 116, 257, 0.0),
(2502, '2301107006', 116, 258, 0.0),
(2503, '2301107007', 116, 247, 2.0),
(2504, '2301107007', 116, 248, 2.0),
(2505, '2301107007', 116, 249, 2.0),
(2506, '2301107007', 116, 250, 2.0),
(2507, '2301107007', 116, 251, 1.5),
(2508, '2301107007', 116, 252, 0.0),
(2509, '2301107007', 116, 253, 0.0),
(2510, '2301107007', 116, 254, 0.0),
(2511, '2301107007', 116, 255, 1.0),
(2512, '2301107007', 116, 256, 4.0),
(2513, '2301107007', 116, 257, 0.0),
(2514, '2301107007', 116, 258, 0.0),
(2515, '2301107008', 116, 247, 1.5),
(2516, '2301107008', 116, 248, 0.0),
(2517, '2301107008', 116, 249, 0.0),
(2518, '2301107008', 116, 250, 2.0),
(2519, '2301107008', 116, 251, 2.0),
(2520, '2301107008', 116, 252, 2.0),
(2521, '2301107008', 116, 253, 2.0),
(2522, '2301107008', 116, 254, 2.0),
(2523, '2301107008', 116, 255, 2.0),
(2524, '2301107008', 116, 256, 0.0),
(2525, '2301107008', 116, 257, 4.0),
(2526, '2301107008', 116, 258, 0.0),
(2527, '2301107009', 116, 247, 1.5),
(2528, '2301107009', 116, 248, 0.0),
(2529, '2301107009', 116, 249, 0.0),
(2530, '2301107009', 116, 250, 1.5),
(2531, '2301107009', 116, 251, 0.0),
(2532, '2301107009', 116, 252, 1.0),
(2533, '2301107009', 116, 253, 2.0),
(2534, '2301107009', 116, 254, 0.0),
(2535, '2301107009', 116, 255, 2.0),
(2536, '2301107009', 116, 256, 1.0),
(2537, '2301107009', 116, 257, 3.0),
(2538, '2301107009', 116, 258, 0.0),
(2539, '2301107010', 116, 247, 2.0),
(2540, '2301107010', 116, 248, 2.0),
(2541, '2301107010', 116, 249, 1.5),
(2542, '2301107010', 116, 250, 0.0),
(2543, '2301107010', 116, 251, 2.0),
(2544, '2301107010', 116, 252, 1.0),
(2545, '2301107010', 116, 253, 0.0),
(2546, '2301107010', 116, 254, 4.5),
(2547, '2301107010', 116, 255, 0.0),
(2548, '2301107010', 116, 256, 4.0),
(2549, '2301107010', 116, 257, 0.0),
(2550, '2301107010', 116, 258, 0.0),
(2551, '2301107011', 116, 247, 0.0),
(2552, '2301107011', 116, 248, 0.0),
(2553, '2301107011', 116, 249, 0.0),
(2554, '2301107011', 116, 250, 0.0),
(2555, '2301107011', 116, 251, 0.0),
(2556, '2301107011', 116, 252, 0.0),
(2557, '2301107011', 116, 253, 0.0),
(2558, '2301107011', 116, 254, 0.0),
(2559, '2301107011', 116, 255, 0.0),
(2560, '2301107011', 116, 256, 0.0),
(2561, '2301107011', 116, 257, 1.0),
(2562, '2301107011', 116, 258, 0.0),
(2563, '2301107012', 116, 247, 1.0),
(2564, '2301107012', 116, 248, 0.0),
(2565, '2301107012', 116, 249, 0.0),
(2566, '2301107012', 116, 250, 1.5),
(2567, '2301107012', 116, 251, 2.0),
(2568, '2301107012', 116, 252, 1.0),
(2569, '2301107012', 116, 253, 0.0),
(2570, '2301107012', 116, 254, 0.0),
(2571, '2301107012', 116, 255, 2.5),
(2572, '2301107012', 116, 256, 0.0),
(2573, '2301107012', 116, 257, 4.0),
(2574, '2301107012', 116, 258, 3.0),
(2575, '2301107013', 116, 247, 2.0),
(2576, '2301107013', 116, 248, 2.0),
(2577, '2301107013', 116, 249, 1.0),
(2578, '2301107013', 116, 250, 1.5),
(2579, '2301107013', 116, 251, 0.0),
(2580, '2301107013', 116, 252, 0.0),
(2581, '2301107013', 116, 253, 2.0),
(2582, '2301107013', 116, 254, 0.0),
(2583, '2301107013', 116, 255, 0.0),
(2584, '2301107013', 116, 256, 4.0),
(2585, '2301107013', 116, 257, 4.0),
(2586, '2301107013', 116, 258, 3.5),
(2587, '2301107014', 116, 247, 0.0),
(2588, '2301107014', 116, 248, 0.0),
(2589, '2301107014', 116, 249, 1.0),
(2590, '2301107014', 116, 250, 1.0),
(2591, '2301107014', 116, 251, 2.0),
(2592, '2301107014', 116, 252, 0.0),
(2593, '2301107014', 116, 253, 1.0),
(2594, '2301107014', 116, 254, 0.0),
(2595, '2301107014', 116, 255, 2.0),
(2596, '2301107014', 116, 256, 0.0),
(2597, '2301107014', 116, 257, 2.0),
(2598, '2301107014', 116, 258, 0.0),
(2599, '2301107015', 116, 247, 2.0),
(2600, '2301107015', 116, 248, 0.0),
(2601, '2301107015', 116, 249, 0.0),
(2602, '2301107015', 116, 250, 1.0),
(2603, '2301107015', 116, 251, 0.5),
(2604, '2301107015', 116, 252, 2.0),
(2605, '2301107015', 116, 253, 2.0),
(2606, '2301107015', 116, 254, 2.0),
(2607, '2301107015', 116, 255, 0.0),
(2608, '2301107015', 116, 256, 0.0),
(2609, '2301107015', 116, 257, 3.0),
(2610, '2301107015', 116, 258, 0.0),
(2611, '2301107016', 116, 247, 2.0),
(2612, '2301107016', 116, 248, 0.0),
(2613, '2301107016', 116, 249, 0.0),
(2614, '2301107016', 116, 250, 1.0),
(2615, '2301107016', 116, 251, 1.0),
(2616, '2301107016', 116, 252, 1.0),
(2617, '2301107016', 116, 253, 1.0),
(2618, '2301107016', 116, 254, 0.0),
(2619, '2301107016', 116, 255, 1.5),
(2620, '2301107016', 116, 256, 0.0),
(2621, '2301107016', 116, 257, 4.0),
(2622, '2301107016', 116, 258, 0.0),
(2623, '2301107017', 116, 247, 2.0),
(2624, '2301107017', 116, 248, 2.0),
(2625, '2301107017', 116, 249, 2.0),
(2626, '2301107017', 116, 250, 0.0),
(2627, '2301107017', 116, 251, 2.0),
(2628, '2301107017', 116, 252, 0.0),
(2629, '2301107017', 116, 253, 2.0),
(2630, '2301107017', 116, 254, 0.0),
(2631, '2301107017', 116, 255, 3.5),
(2632, '2301107017', 116, 256, 0.0),
(2633, '2301107017', 116, 257, 3.5),
(2634, '2301107017', 116, 258, 4.5),
(2635, '2301107018', 116, 247, 1.5),
(2636, '2301107018', 116, 248, 0.0),
(2637, '2301107018', 116, 249, 0.0),
(2638, '2301107018', 116, 250, 1.5),
(2639, '2301107018', 116, 251, 0.0),
(2640, '2301107018', 116, 252, 0.5),
(2641, '2301107018', 116, 253, 2.0),
(2642, '2301107018', 116, 254, 0.0),
(2643, '2301107018', 116, 255, 2.0),
(2644, '2301107018', 116, 256, 0.5),
(2645, '2301107018', 116, 257, 3.0),
(2646, '2301107018', 116, 258, 0.0),
(2647, '2301107019', 116, 247, -1.0),
(2648, '2301107019', 116, 248, -1.0),
(2649, '2301107019', 116, 249, -1.0),
(2650, '2301107019', 116, 250, -1.0),
(2651, '2301107019', 116, 251, -1.0),
(2652, '2301107019', 116, 252, -1.0),
(2653, '2301107019', 116, 253, -1.0),
(2654, '2301107019', 116, 254, -1.0),
(2655, '2301107019', 116, 255, -1.0),
(2656, '2301107019', 116, 256, -1.0),
(2657, '2301107019', 116, 257, -1.0),
(2658, '2301107019', 116, 258, -1.0),
(2659, '2301107020', 116, 247, -1.0),
(2660, '2301107020', 116, 248, -1.0),
(2661, '2301107020', 116, 249, -1.0),
(2662, '2301107020', 116, 250, -1.0),
(2663, '2301107020', 116, 251, -1.0),
(2664, '2301107020', 116, 252, -1.0),
(2665, '2301107020', 116, 253, -1.0),
(2666, '2301107020', 116, 254, -1.0),
(2667, '2301107020', 116, 255, -1.0),
(2668, '2301107020', 116, 256, -1.0),
(2669, '2301107020', 116, 257, -1.0),
(2670, '2301107020', 116, 258, -1.0),
(2671, '2301107021', 116, 247, 2.0),
(2672, '2301107021', 116, 248, 0.0),
(2673, '2301107021', 116, 249, 0.0),
(2674, '2301107021', 116, 250, 1.0),
(2675, '2301107021', 116, 251, 2.0),
(2676, '2301107021', 116, 252, 0.0),
(2677, '2301107021', 116, 253, 0.0),
(2678, '2301107021', 116, 254, 0.0),
(2679, '2301107021', 116, 255, 4.5),
(2680, '2301107021', 116, 256, 0.0),
(2681, '2301107021', 116, 257, 1.5),
(2682, '2301107021', 116, 258, 0.0),
(2683, '2301107022', 116, 247, 2.0),
(2684, '2301107022', 116, 248, 2.0),
(2685, '2301107022', 116, 249, 2.0),
(2686, '2301107022', 116, 250, 0.0),
(2687, '2301107022', 116, 251, 2.0),
(2688, '2301107022', 116, 252, 0.0),
(2689, '2301107022', 116, 253, 2.0),
(2690, '2301107022', 116, 254, 0.0),
(2691, '2301107022', 116, 255, 5.0),
(2692, '2301107022', 116, 256, 4.5),
(2693, '2301107022', 116, 257, 4.5),
(2694, '2301107022', 116, 258, 0.0),
(2695, '2301107023', 116, 247, 1.5),
(2696, '2301107023', 116, 248, 0.0),
(2697, '2301107023', 116, 249, 2.0),
(2698, '2301107023', 116, 250, 1.5),
(2699, '2301107023', 116, 251, 2.0),
(2700, '2301107023', 116, 252, 0.0),
(2701, '2301107023', 116, 253, 2.0),
(2702, '2301107023', 116, 254, 4.5),
(2703, '2301107023', 116, 255, 0.0),
(2704, '2301107023', 116, 256, 0.0),
(2705, '2301107023', 116, 257, 2.0),
(2706, '2301107023', 116, 258, 0.0),
(2707, '2301107024', 116, 247, 1.5),
(2708, '2301107024', 116, 248, 1.0),
(2709, '2301107024', 116, 249, 0.0),
(2710, '2301107024', 116, 250, 1.5),
(2711, '2301107024', 116, 251, 0.0),
(2712, '2301107024', 116, 252, 1.0),
(2713, '2301107024', 116, 253, 1.5),
(2714, '2301107024', 116, 254, 0.0),
(2715, '2301107024', 116, 255, 4.0),
(2716, '2301107024', 116, 256, 4.0),
(2717, '2301107024', 116, 257, 0.0),
(2718, '2301107024', 116, 258, 2.5),
(2719, '2301107025', 116, 247, 1.5),
(2720, '2301107025', 116, 248, 0.0),
(2721, '2301107025', 116, 249, 1.5),
(2722, '2301107025', 116, 250, 1.5),
(2723, '2301107025', 116, 251, 0.0),
(2724, '2301107025', 116, 252, 1.0),
(2725, '2301107025', 116, 253, 2.0),
(2726, '2301107025', 116, 254, 0.0),
(2727, '2301107025', 116, 255, 4.0),
(2728, '2301107025', 116, 256, 4.0),
(2729, '2301107025', 116, 257, 4.0),
(2730, '2301107025', 116, 258, 0.0),
(2731, '2301107026', 116, 247, 2.0),
(2732, '2301107026', 116, 248, 0.0),
(2733, '2301107026', 116, 249, 2.0),
(2734, '2301107026', 116, 250, 1.0),
(2735, '2301107026', 116, 251, 0.0),
(2736, '2301107026', 116, 252, 0.0),
(2737, '2301107026', 116, 253, 0.0),
(2738, '2301107026', 116, 254, 0.0),
(2739, '2301107026', 116, 255, 4.5),
(2740, '2301107026', 116, 256, 0.0),
(2741, '2301107026', 116, 257, 2.0),
(2742, '2301107026', 116, 258, 0.0),
(2743, '2301107027', 116, 247, 2.0),
(2744, '2301107027', 116, 248, 0.0),
(2745, '2301107027', 116, 249, 1.5),
(2746, '2301107027', 116, 250, 1.5),
(2747, '2301107027', 116, 251, 0.0),
(2748, '2301107027', 116, 252, 2.0),
(2749, '2301107027', 116, 253, 1.5),
(2750, '2301107027', 116, 254, 0.0),
(2751, '2301107027', 116, 255, 4.0),
(2752, '2301107027', 116, 256, 4.0),
(2753, '2301107027', 116, 257, 0.0),
(2754, '2301107027', 116, 258, 4.0),
(2755, '2301107028', 116, 247, 1.5),
(2756, '2301107028', 116, 248, 0.0),
(2757, '2301107028', 116, 249, 1.5),
(2758, '2301107028', 116, 250, 2.0),
(2759, '2301107028', 116, 251, 0.0),
(2760, '2301107028', 116, 252, 1.5),
(2761, '2301107028', 116, 253, 2.0),
(2762, '2301107028', 116, 254, 0.0),
(2763, '2301107028', 116, 255, 4.5),
(2764, '2301107028', 116, 256, 4.0),
(2765, '2301107028', 116, 257, 4.0),
(2766, '2301107028', 116, 258, 0.0),
(2767, '2301107029', 116, 247, 1.5),
(2768, '2301107029', 116, 248, 1.0),
(2769, '2301107029', 116, 249, 0.0),
(2770, '2301107029', 116, 250, 2.0),
(2771, '2301107029', 116, 251, 0.0),
(2772, '2301107029', 116, 252, 1.5),
(2773, '2301107029', 116, 253, 1.5),
(2774, '2301107029', 116, 254, 0.0),
(2775, '2301107029', 116, 255, 4.0),
(2776, '2301107029', 116, 256, 3.5),
(2777, '2301107029', 116, 257, 2.0),
(2778, '2301107029', 116, 258, 3.0),
(2779, '2301107030', 116, 247, 1.0),
(2780, '2301107030', 116, 248, 2.0),
(2781, '2301107030', 116, 249, 0.0),
(2782, '2301107030', 116, 250, 0.0),
(2783, '2301107030', 116, 251, 2.0),
(2784, '2301107030', 116, 252, 2.0),
(2785, '2301107030', 116, 253, 1.0),
(2786, '2301107030', 116, 254, 0.0),
(2787, '2301107030', 116, 255, 4.0),
(2788, '2301107030', 116, 256, 3.5),
(2789, '2301107030', 116, 257, 3.0),
(2790, '2301107030', 116, 258, 0.0),
(2791, '2301107031', 116, 247, 1.5),
(2792, '2301107031', 116, 248, 1.5),
(2793, '2301107031', 116, 249, 0.0),
(2794, '2301107031', 116, 250, 0.5),
(2795, '2301107031', 116, 251, 0.0),
(2796, '2301107031', 116, 252, 0.0),
(2797, '2301107031', 116, 253, 1.5),
(2798, '2301107031', 116, 254, 1.5),
(2799, '2301107031', 116, 255, 0.0),
(2800, '2301107031', 116, 256, 4.0),
(2801, '2301107031', 116, 257, 0.0),
(2802, '2301107031', 116, 258, 4.0),
(2803, '2301107032', 116, 247, 0.0),
(2804, '2301107032', 116, 248, 1.0),
(2805, '2301107032', 116, 249, 0.5),
(2806, '2301107032', 116, 250, 1.5),
(2807, '2301107032', 116, 251, 2.0),
(2808, '2301107032', 116, 252, 0.0),
(2809, '2301107032', 116, 253, 1.5),
(2810, '2301107032', 116, 254, 0.0),
(2811, '2301107032', 116, 255, 0.0),
(2812, '2301107032', 116, 256, 3.5),
(2813, '2301107032', 116, 257, 0.0),
(2814, '2301107032', 116, 258, 4.5),
(2815, '2301107033', 116, 247, 0.0),
(2816, '2301107033', 116, 248, 0.0),
(2817, '2301107033', 116, 249, 0.0),
(2818, '2301107033', 116, 250, 0.0),
(2819, '2301107033', 116, 251, 0.0),
(2820, '2301107033', 116, 252, 0.0),
(2821, '2301107033', 116, 253, 0.0),
(2822, '2301107033', 116, 254, 0.0),
(2823, '2301107033', 116, 255, 2.0),
(2824, '2301107033', 116, 256, 0.0),
(2825, '2301107033', 116, 257, 0.0),
(2826, '2301107033', 116, 258, 0.0),
(2827, '2301107034', 116, 247, 0.5),
(2828, '2301107034', 116, 248, 0.0),
(2829, '2301107034', 116, 249, 0.0),
(2830, '2301107034', 116, 250, 0.5),
(2831, '2301107034', 116, 251, 0.0),
(2832, '2301107034', 116, 252, 0.0),
(2833, '2301107034', 116, 253, 0.0),
(2834, '2301107034', 116, 254, 0.0),
(2835, '2301107034', 116, 255, 4.0),
(2836, '2301107034', 116, 256, 0.0),
(2837, '2301107034', 116, 257, 0.0),
(2838, '2301107034', 116, 258, 4.0),
(2839, '2301107035', 116, 247, 2.0),
(2840, '2301107035', 116, 248, 0.0),
(2841, '2301107035', 116, 249, 2.0),
(2842, '2301107035', 116, 250, 2.0),
(2843, '2301107035', 116, 251, 2.0),
(2844, '2301107035', 116, 252, 0.0),
(2845, '2301107035', 116, 253, 1.5),
(2846, '2301107035', 116, 254, 0.0),
(2847, '2301107035', 116, 255, 4.0),
(2848, '2301107035', 116, 256, 1.0),
(2849, '2301107035', 116, 257, 4.0),
(2850, '2301107035', 116, 258, 0.0),
(2851, '2301107036', 116, 247, -1.0),
(2852, '2301107036', 116, 248, -1.0),
(2853, '2301107036', 116, 249, -1.0),
(2854, '2301107036', 116, 250, -1.0),
(2855, '2301107036', 116, 251, -1.0),
(2856, '2301107036', 116, 252, -1.0),
(2857, '2301107036', 116, 253, -1.0),
(2858, '2301107036', 116, 254, -1.0),
(2859, '2301107036', 116, 255, -1.0),
(2860, '2301107036', 116, 256, -1.0),
(2861, '2301107036', 116, 257, -1.0),
(2862, '2301107036', 116, 258, -1.0),
(2863, '2301107037', 116, 247, 1.5),
(2864, '2301107037', 116, 248, 2.0),
(2865, '2301107037', 116, 249, 0.0),
(2866, '2301107037', 116, 250, 0.0),
(2867, '2301107037', 116, 251, 2.0),
(2868, '2301107037', 116, 252, 0.0),
(2869, '2301107037', 116, 253, 1.5),
(2870, '2301107037', 116, 254, 0.0),
(2871, '2301107037', 116, 255, 1.5),
(2872, '2301107037', 116, 256, 0.0),
(2873, '2301107037', 116, 257, 0.0),
(2874, '2301107037', 116, 258, 0.0),
(2875, '2301107038', 116, 247, 1.5),
(2876, '2301107038', 116, 248, 2.0),
(2877, '2301107038', 116, 249, 1.5),
(2878, '2301107038', 116, 250, 0.0),
(2879, '2301107038', 116, 251, 0.0),
(2880, '2301107038', 116, 252, 2.0),
(2881, '2301107038', 116, 253, 1.5),
(2882, '2301107038', 116, 254, 0.0),
(2883, '2301107038', 116, 255, 3.5),
(2884, '2301107038', 116, 256, 3.0),
(2885, '2301107038', 116, 257, 4.0),
(2886, '2301107038', 116, 258, 0.0),
(2887, '2301107039', 116, 247, 0.0),
(2888, '2301107039', 116, 248, 2.0),
(2889, '2301107039', 116, 249, 1.0),
(2890, '2301107039', 116, 250, 1.5),
(2891, '2301107039', 116, 251, 2.0),
(2892, '2301107039', 116, 252, 1.0),
(2893, '2301107039', 116, 253, 0.0),
(2894, '2301107039', 116, 254, 0.0),
(2895, '2301107039', 116, 255, 4.0),
(2896, '2301107039', 116, 256, 4.0),
(2897, '2301107039', 116, 257, 0.0),
(2898, '2301107039', 116, 258, 4.5),
(2899, '2301107041', 116, 247, 0.5),
(2900, '2301107041', 116, 248, 1.0),
(2901, '2301107041', 116, 249, 0.5),
(2902, '2301107041', 116, 250, 1.0),
(2903, '2301107041', 116, 251, 1.0),
(2904, '2301107041', 116, 252, 0.0),
(2905, '2301107041', 116, 253, 0.0),
(2906, '2301107041', 116, 254, 0.0),
(2907, '2301107041', 116, 255, 0.0),
(2908, '2301107041', 116, 256, 0.0),
(2909, '2301107041', 116, 257, 0.0),
(2910, '2301107041', 116, 258, 0.0),
(2911, '2301107042', 116, 247, 2.0),
(2912, '2301107042', 116, 248, 0.0),
(2913, '2301107042', 116, 249, 0.0),
(2914, '2301107042', 116, 250, 1.5),
(2915, '2301107042', 116, 251, 2.0),
(2916, '2301107042', 116, 252, 0.0),
(2917, '2301107042', 116, 253, 2.0),
(2918, '2301107042', 116, 254, 0.0),
(2919, '2301107042', 116, 255, 2.0),
(2920, '2301107042', 116, 256, 0.0),
(2921, '2301107042', 116, 257, 2.0),
(2922, '2301107042', 116, 258, 2.5),
(2923, '2301107043', 116, 247, 2.0),
(2924, '2301107043', 116, 248, 0.0),
(2925, '2301107043', 116, 249, 0.0),
(2926, '2301107043', 116, 250, 0.0),
(2927, '2301107043', 116, 251, 1.0),
(2928, '2301107043', 116, 252, 1.0),
(2929, '2301107043', 116, 253, 2.0),
(2930, '2301107043', 116, 254, 2.5),
(2931, '2301107043', 116, 255, 0.0),
(2932, '2301107043', 116, 256, 0.0),
(2933, '2301107043', 116, 257, 0.0),
(2934, '2301107043', 116, 258, 2.0),
(2935, '2301107044', 116, 247, 2.0),
(2936, '2301107044', 116, 248, 1.5),
(2937, '2301107044', 116, 249, 0.0),
(2938, '2301107044', 116, 250, 1.0),
(2939, '2301107044', 116, 251, 2.0),
(2940, '2301107044', 116, 252, 0.0),
(2941, '2301107044', 116, 253, 2.0),
(2942, '2301107044', 116, 254, 2.5),
(2943, '2301107044', 116, 255, 0.0),
(2944, '2301107044', 116, 256, 4.0),
(2945, '2301107044', 116, 257, 0.0),
(2946, '2301107044', 116, 258, 4.5),
(2947, '2301107045', 116, 247, 1.0),
(2948, '2301107045', 116, 248, 0.0),
(2949, '2301107045', 116, 249, 0.0),
(2950, '2301107045', 116, 250, 1.0),
(2951, '2301107045', 116, 251, 0.0),
(2952, '2301107045', 116, 252, 1.0),
(2953, '2301107045', 116, 253, 0.0),
(2954, '2301107045', 116, 254, 2.0),
(2955, '2301107045', 116, 255, 0.0),
(2956, '2301107045', 116, 256, 0.0),
(2957, '2301107045', 116, 257, 0.0),
(2958, '2301107045', 116, 258, 0.0),
(2959, '2301107046', 116, 247, 2.0),
(2960, '2301107046', 116, 248, 0.0),
(2961, '2301107046', 116, 249, 0.0),
(2962, '2301107046', 116, 250, 2.0),
(2963, '2301107046', 116, 251, 2.0),
(2964, '2301107046', 116, 252, 2.0),
(2965, '2301107046', 116, 253, 1.5),
(2966, '2301107046', 116, 254, 5.0),
(2967, '2301107046', 116, 255, 3.0),
(2968, '2301107046', 116, 256, 0.0),
(2969, '2301107046', 116, 257, 0.0),
(2970, '2301107046', 116, 258, 4.5),
(2971, '2301107048', 116, 247, 1.0),
(2972, '2301107048', 116, 248, 0.0),
(2973, '2301107048', 116, 249, 0.0),
(2974, '2301107048', 116, 250, 1.0),
(2975, '2301107048', 116, 251, 0.0),
(2976, '2301107048', 116, 252, 1.0),
(2977, '2301107048', 116, 253, 0.0),
(2978, '2301107048', 116, 254, 0.0),
(2979, '2301107048', 116, 255, 0.0),
(2980, '2301107048', 116, 256, 0.0),
(2981, '2301107048', 116, 257, 0.0),
(2982, '2301107048', 116, 258, 0.0),
(2983, '2301107049', 116, 247, 1.0),
(2984, '2301107049', 116, 248, 0.0),
(2985, '2301107049', 116, 249, 0.0),
(2986, '2301107049', 116, 250, 0.0),
(2987, '2301107049', 116, 251, 1.0),
(2988, '2301107049', 116, 252, 0.0),
(2989, '2301107049', 116, 253, 0.0),
(2990, '2301107049', 116, 254, 0.0),
(2991, '2301107049', 116, 255, 0.0),
(2992, '2301107049', 116, 256, 1.5),
(2993, '2301107049', 116, 257, 0.0),
(2994, '2301107049', 116, 258, 0.0),
(2995, '2301107050', 116, 247, 2.0),
(2996, '2301107050', 116, 248, 2.0),
(2997, '2301107050', 116, 249, 2.0),
(2998, '2301107050', 116, 250, 0.0),
(2999, '2301107050', 116, 251, 0.0),
(3000, '2301107050', 116, 252, 2.0),
(3001, '2301107050', 116, 253, 1.5),
(3002, '2301107050', 116, 254, 0.0),
(3003, '2301107050', 116, 255, 2.0),
(3004, '2301107050', 116, 256, 3.0),
(3005, '2301107050', 116, 257, 0.0),
(3006, '2301107050', 116, 258, 4.5),
(3007, '2301107051', 116, 247, -1.0),
(3008, '2301107051', 116, 248, -1.0),
(3009, '2301107051', 116, 249, -1.0),
(3010, '2301107051', 116, 250, -1.0),
(3011, '2301107051', 116, 251, -1.0),
(3012, '2301107051', 116, 252, -1.0),
(3013, '2301107051', 116, 253, -1.0),
(3014, '2301107051', 116, 254, -1.0),
(3015, '2301107051', 116, 255, -1.0),
(3016, '2301107051', 116, 256, -1.0),
(3017, '2301107051', 116, 257, -1.0),
(3018, '2301107051', 116, 258, -1.0),
(3019, '2301107052', 116, 247, 0.0),
(3020, '2301107052', 116, 248, 0.0),
(3021, '2301107052', 116, 249, 0.0),
(3022, '2301107052', 116, 250, 0.0),
(3023, '2301107052', 116, 251, 0.0),
(3024, '2301107052', 116, 252, 0.0),
(3025, '2301107052', 116, 253, 0.0),
(3026, '2301107052', 116, 254, 2.5),
(3027, '2301107052', 116, 255, 0.0),
(3028, '2301107052', 116, 256, 3.0),
(3029, '2301107052', 116, 257, 0.0),
(3030, '2301107052', 116, 258, 3.5),
(3031, '2301107053', 116, 247, 1.5),
(3032, '2301107053', 116, 248, 1.0),
(3033, '2301107053', 116, 249, 0.0),
(3034, '2301107053', 116, 250, 1.0),
(3035, '2301107053', 116, 251, 0.0),
(3036, '2301107053', 116, 252, 1.5),
(3037, '2301107053', 116, 253, 0.0),
(3038, '2301107053', 116, 254, 0.0),
(3039, '2301107053', 116, 255, 0.0),
(3040, '2301107053', 116, 256, 1.0),
(3041, '2301107053', 116, 257, 0.0),
(3042, '2301107053', 116, 258, 0.0),
(3043, '2301107054', 116, 247, 1.5),
(3044, '2301107054', 116, 248, 0.0),
(3045, '2301107054', 116, 249, 0.0),
(3046, '2301107054', 116, 250, 1.0),
(3047, '2301107054', 116, 251, 1.5),
(3048, '2301107054', 116, 252, 0.0),
(3049, '2301107054', 116, 253, 0.0),
(3050, '2301107054', 116, 254, 0.0),
(3051, '2301107054', 116, 255, 0.0),
(3052, '2301107054', 116, 256, 0.0),
(3053, '2301107054', 116, 257, 2.0),
(3054, '2301107054', 116, 258, 2.0),
(3055, '2301107055', 116, 247, 1.0),
(3056, '2301107055', 116, 248, 0.0),
(3057, '2301107055', 116, 249, 0.0),
(3058, '2301107055', 116, 250, 1.5),
(3059, '2301107055', 116, 251, 0.5),
(3060, '2301107055', 116, 252, 0.0),
(3061, '2301107055', 116, 253, 0.0),
(3062, '2301107055', 116, 254, 0.0),
(3063, '2301107055', 116, 255, 2.0),
(3064, '2301107055', 116, 256, 2.0),
(3065, '2301107055', 116, 257, 0.0),
(3066, '2301107055', 116, 258, 0.0),
(3067, '2301107056', 116, 247, -1.0),
(3068, '2301107056', 116, 248, -1.0),
(3069, '2301107056', 116, 249, -1.0),
(3070, '2301107056', 116, 250, -1.0),
(3071, '2301107056', 116, 251, -1.0),
(3072, '2301107056', 116, 252, -1.0),
(3073, '2301107056', 116, 253, -1.0),
(3074, '2301107056', 116, 254, -1.0),
(3075, '2301107056', 116, 255, -1.0),
(3076, '2301107056', 116, 256, -1.0),
(3077, '2301107056', 116, 257, -1.0),
(3078, '2301107056', 116, 258, -1.0),
(3079, '2301107057', 116, 247, 1.0),
(3080, '2301107057', 116, 248, 1.5),
(3081, '2301107057', 116, 249, 0.0),
(3082, '2301107057', 116, 250, 1.0),
(3083, '2301107057', 116, 251, 2.0),
(3084, '2301107057', 116, 252, 0.0),
(3085, '2301107057', 116, 253, 1.0),
(3086, '2301107057', 116, 254, 0.0),
(3087, '2301107057', 116, 255, 3.0),
(3088, '2301107057', 116, 256, 0.0),
(3089, '2301107057', 116, 257, 0.0),
(3090, '2301107057', 116, 258, 2.5),
(3091, '2301107058', 116, 247, 2.0),
(3092, '2301107058', 116, 248, 1.5),
(3093, '2301107058', 116, 249, 0.5),
(3094, '2301107058', 116, 250, 1.0),
(3095, '2301107058', 116, 251, 1.5),
(3096, '2301107058', 116, 252, 0.0),
(3097, '2301107058', 116, 253, 0.0),
(3098, '2301107058', 116, 254, 0.0),
(3099, '2301107058', 116, 255, 0.5),
(3100, '2301107058', 116, 256, 0.0),
(3101, '2301107058', 116, 257, 1.5),
(3102, '2301107058', 116, 258, 0.0),
(3103, '2301107059', 116, 247, 2.0),
(3104, '2301107059', 116, 248, 2.0),
(3105, '2301107059', 116, 249, 2.0),
(3106, '2301107059', 116, 250, 0.0),
(3107, '2301107059', 116, 251, 0.0),
(3108, '2301107059', 116, 252, 2.0),
(3109, '2301107059', 116, 253, 1.5),
(3110, '2301107059', 116, 254, 0.0),
(3111, '2301107059', 116, 255, 3.5),
(3112, '2301107059', 116, 256, 4.0),
(3113, '2301107059', 116, 257, 0.0),
(3114, '2301107059', 116, 258, 4.5),
(3115, '2301107060', 116, 247, 1.0),
(3116, '2301107060', 116, 248, 0.0),
(3117, '2301107060', 116, 249, 0.0),
(3118, '2301107060', 116, 250, 0.5),
(3119, '2301107060', 116, 251, 0.0),
(3120, '2301107060', 116, 252, 0.5),
(3121, '2301107060', 116, 253, 1.0),
(3122, '2301107060', 116, 254, 0.0),
(3123, '2301107060', 116, 255, 3.0),
(3124, '2301107060', 116, 256, 0.0),
(3125, '2301107060', 116, 257, 3.5),
(3126, '2301107060', 116, 258, 3.0),
(3127, '2301109040', 116, 247, 1.5),
(3128, '2301109040', 116, 248, 0.0),
(3129, '2301109040', 116, 249, 0.0),
(3130, '2301109040', 116, 250, 0.0),
(3131, '2301109040', 116, 251, 1.5),
(3132, '2301109040', 116, 252, 1.5),
(3133, '2301109040', 116, 253, 2.0),
(3134, '2301109040', 116, 254, 0.0),
(3135, '2301109040', 116, 255, 4.5),
(3136, '2301109040', 116, 256, 4.5),
(3137, '2301109040', 116, 257, 4.5),
(3138, '2301109040', 116, 258, 0.0),
(3139, '2301109044', 116, 247, 1.0),
(3140, '2301109044', 116, 248, 1.5),
(3141, '2301109044', 116, 249, 1.0),
(3142, '2301109044', 116, 250, 0.0),
(3143, '2301109044', 116, 251, 2.0),
(3144, '2301109044', 116, 252, 0.0),
(3145, '2301109044', 116, 253, 2.0),
(3146, '2301109044', 116, 254, 4.5),
(3147, '2301109044', 116, 255, 0.0),
(3148, '2301109044', 116, 256, 3.0),
(3149, '2301109044', 116, 257, 0.0),
(3150, '2301109044', 116, 258, 4.0),
(3151, '2301207001', 116, 247, 1.5),
(3152, '2301207001', 116, 248, 0.0),
(3153, '2301207001', 116, 249, 0.0),
(3154, '2301207001', 116, 250, 0.0),
(3155, '2301207001', 116, 251, 0.5),
(3156, '2301207001', 116, 252, 1.0),
(3157, '2301207001', 116, 253, 0.0),
(3158, '2301207001', 116, 254, 0.0),
(3159, '2301207001', 116, 255, 0.0),
(3160, '2301207001', 116, 256, 0.0),
(3161, '2301207001', 116, 257, 0.0),
(3162, '2301207001', 116, 258, 0.0),
(3163, '2301207002', 116, 247, 2.0),
(3164, '2301207002', 116, 248, 0.5),
(3165, '2301207002', 116, 249, 2.0),
(3166, '2301207002', 116, 250, 0.0),
(3167, '2301207002', 116, 251, 0.0),
(3168, '2301207002', 116, 252, 0.5),
(3169, '2301207002', 116, 253, 1.5),
(3170, '2301207002', 116, 254, 0.0),
(3171, '2301207002', 116, 255, 3.5),
(3172, '2301207002', 116, 256, 3.5),
(3173, '2301207002', 116, 257, 0.0),
(3174, '2301207002', 116, 258, 4.0),
(3175, '2301207003', 116, 247, 0.0),
(3176, '2301207003', 116, 248, 0.0),
(3177, '2301207003', 116, 249, 0.0),
(3178, '2301207003', 116, 250, 0.0),
(3179, '2301207003', 116, 251, 1.0),
(3180, '2301207003', 116, 252, 0.0),
(3181, '2301207003', 116, 253, 0.0),
(3182, '2301207003', 116, 254, 0.0),
(3183, '2301207003', 116, 255, 0.0),
(3184, '2301207003', 116, 256, 1.5),
(3185, '2301207003', 116, 257, 0.0),
(3186, '2301207003', 116, 258, 0.0),
(3187, '2301207004', 116, 247, 0.0),
(3188, '2301207004', 116, 248, 0.0),
(3189, '2301207004', 116, 249, 0.0),
(3190, '2301207004', 116, 250, 0.0),
(3191, '2301207004', 116, 251, 2.0),
(3192, '2301207004', 116, 252, 0.0),
(3193, '2301207004', 116, 253, 0.0),
(3194, '2301207004', 116, 254, 0.0),
(3195, '2301207004', 116, 255, 1.0),
(3196, '2301207004', 116, 256, 0.0),
(3197, '2301207004', 116, 257, 0.0),
(3198, '2301207004', 116, 258, 0.0),
(3199, '2201107025', 117, 259, -1.0),
(3200, '2201107025', 117, 260, -1.0),
(3201, '2201107025', 117, 261, -1.0),
(3202, '2201107025', 117, 262, -1.0),
(3203, '2201107025', 117, 263, -1.0),
(3204, '2201107025', 117, 264, -1.0),
(3205, '2201107025', 117, 265, -1.0),
(3206, '2201107025', 117, 266, -1.0),
(3207, '2201107025', 117, 267, -1.0),
(3208, '2201107025', 117, 268, -1.0),
(3209, '2201107025', 117, 269, -1.0),
(3210, '2201107025', 117, 270, -1.0),
(3211, '2301107001', 117, 259, -1.0),
(3212, '2301107001', 117, 260, -1.0),
(3213, '2301107001', 117, 261, -1.0),
(3214, '2301107001', 117, 262, -1.0),
(3215, '2301107001', 117, 263, -1.0),
(3216, '2301107001', 117, 264, -1.0),
(3217, '2301107001', 117, 265, -1.0),
(3218, '2301107001', 117, 266, -1.0),
(3219, '2301107001', 117, 267, -1.0),
(3220, '2301107001', 117, 268, -1.0),
(3221, '2301107001', 117, 269, -1.0),
(3222, '2301107001', 117, 270, -1.0),
(3223, '2301107002', 117, 259, -1.0),
(3224, '2301107002', 117, 260, -1.0),
(3225, '2301107002', 117, 261, -1.0),
(3226, '2301107002', 117, 262, -1.0),
(3227, '2301107002', 117, 263, -1.0),
(3228, '2301107002', 117, 264, -1.0),
(3229, '2301107002', 117, 265, -1.0),
(3230, '2301107002', 117, 266, -1.0),
(3231, '2301107002', 117, 267, -1.0),
(3232, '2301107002', 117, 268, -1.0),
(3233, '2301107002', 117, 269, -1.0),
(3234, '2301107002', 117, 270, -1.0),
(3235, '2301107003', 117, 259, 2.0),
(3236, '2301107003', 117, 260, 1.0),
(3237, '2301107003', 117, 261, 1.5),
(3238, '2301107003', 117, 262, 1.5),
(3239, '2301107003', 117, 263, 2.0),
(3240, '2301107003', 117, 264, 0.0),
(3241, '2301107003', 117, 265, 1.0),
(3242, '2301107003', 117, 266, 2.5),
(3243, '2301107003', 117, 267, 0.0),
(3244, '2301107003', 117, 268, 0.0),
(3245, '2301107003', 117, 269, 4.5),
(3246, '2301107003', 117, 270, 0.0),
(3247, '2301107004', 117, 259, -1.0),
(3248, '2301107004', 117, 260, -1.0),
(3249, '2301107004', 117, 261, -1.0),
(3250, '2301107004', 117, 262, -1.0),
(3251, '2301107004', 117, 263, -1.0),
(3252, '2301107004', 117, 264, -1.0),
(3253, '2301107004', 117, 265, -1.0),
(3254, '2301107004', 117, 266, -1.0),
(3255, '2301107004', 117, 267, -1.0),
(3256, '2301107004', 117, 268, -1.0),
(3257, '2301107004', 117, 269, -1.0),
(3258, '2301107004', 117, 270, -1.0),
(3259, '2301107005', 117, 259, 1.0),
(3260, '2301107005', 117, 260, 0.0),
(3261, '2301107005', 117, 261, 0.0),
(3262, '2301107005', 117, 262, 2.0),
(3263, '2301107005', 117, 263, 0.0),
(3264, '2301107005', 117, 264, 1.0),
(3265, '2301107005', 117, 265, 2.0),
(3266, '2301107005', 117, 266, 2.5),
(3267, '2301107005', 117, 267, 0.0),
(3268, '2301107005', 117, 268, 0.0),
(3269, '2301107005', 117, 269, 3.0),
(3270, '2301107005', 117, 270, 0.0),
(3271, '2301107006', 117, 259, 1.5),
(3272, '2301107006', 117, 260, 1.0),
(3273, '2301107006', 117, 261, 0.0),
(3274, '2301107006', 117, 262, 2.0),
(3275, '2301107006', 117, 263, 0.0),
(3276, '2301107006', 117, 264, 0.5),
(3277, '2301107006', 117, 265, 1.0),
(3278, '2301107006', 117, 266, 4.5),
(3279, '2301107006', 117, 267, 2.5),
(3280, '2301107006', 117, 268, 0.0),
(3281, '2301107006', 117, 269, 0.0),
(3282, '2301107006', 117, 270, 3.5),
(3283, '2301107007', 117, 259, 1.0),
(3284, '2301107007', 117, 260, 1.5),
(3285, '2301107007', 117, 261, 0.0),
(3286, '2301107007', 117, 262, 0.0),
(3287, '2301107007', 117, 263, 0.0),
(3288, '2301107007', 117, 264, 0.0),
(3289, '2301107007', 117, 265, 1.0),
(3290, '2301107007', 117, 266, 0.0),
(3291, '2301107007', 117, 267, 0.0),
(3292, '2301107007', 117, 268, 0.0),
(3293, '2301107007', 117, 269, 1.5),
(3294, '2301107007', 117, 270, 0.0),
(3295, '2301107008', 117, 259, 2.0),
(3296, '2301107008', 117, 260, 1.5),
(3297, '2301107008', 117, 261, 1.0),
(3298, '2301107008', 117, 262, 2.0),
(3299, '2301107008', 117, 263, 0.0),
(3300, '2301107008', 117, 264, 0.0),
(3301, '2301107008', 117, 265, 2.0),
(3302, '2301107008', 117, 266, 0.0),
(3303, '2301107008', 117, 267, 2.5),
(3304, '2301107008', 117, 268, 2.5),
(3305, '2301107008', 117, 269, 4.5),
(3306, '2301107008', 117, 270, 0.0),
(3307, '2301107009', 117, 259, 1.0),
(3308, '2301107009', 117, 260, 1.5),
(3309, '2301107009', 117, 261, 1.5),
(3310, '2301107009', 117, 262, 0.5),
(3311, '2301107009', 117, 263, 0.0),
(3312, '2301107009', 117, 264, 0.0),
(3313, '2301107009', 117, 265, 0.0),
(3314, '2301107009', 117, 266, 0.0),
(3315, '2301107009', 117, 267, 1.5),
(3316, '2301107009', 117, 268, 2.0),
(3317, '2301107009', 117, 269, 0.0),
(3318, '2301107009', 117, 270, 3.0),
(3319, '2301107010', 117, 259, -1.0),
(3320, '2301107010', 117, 260, -1.0),
(3321, '2301107010', 117, 261, -1.0),
(3322, '2301107010', 117, 262, -1.0),
(3323, '2301107010', 117, 263, -1.0),
(3324, '2301107010', 117, 264, -1.0),
(3325, '2301107010', 117, 265, -1.0),
(3326, '2301107010', 117, 266, -1.0),
(3327, '2301107010', 117, 267, -1.0),
(3328, '2301107010', 117, 268, -1.0),
(3329, '2301107010', 117, 269, -1.0),
(3330, '2301107010', 117, 270, -1.0),
(3331, '2301107011', 117, 259, 0.0),
(3332, '2301107011', 117, 260, 0.0),
(3333, '2301107011', 117, 261, 0.0),
(3334, '2301107011', 117, 262, 0.0),
(3335, '2301107011', 117, 263, 1.0),
(3336, '2301107011', 117, 264, 0.0),
(3337, '2301107011', 117, 265, 2.0),
(3338, '2301107011', 117, 266, 0.0),
(3339, '2301107011', 117, 267, 2.0),
(3340, '2301107011', 117, 268, 0.0),
(3341, '2301107011', 117, 269, 1.5),
(3342, '2301107011', 117, 270, 0.0),
(3343, '2301107012', 117, 259, 0.0),
(3344, '2301107012', 117, 260, 0.0),
(3345, '2301107012', 117, 261, 1.0),
(3346, '2301107012', 117, 262, 2.0),
(3347, '2301107012', 117, 263, 1.0),
(3348, '2301107012', 117, 264, 0.0),
(3349, '2301107012', 117, 265, 1.0),
(3350, '2301107012', 117, 266, 0.0),
(3351, '2301107012', 117, 267, 0.0),
(3352, '2301107012', 117, 268, 3.0),
(3353, '2301107012', 117, 269, 0.0),
(3354, '2301107012', 117, 270, 0.0),
(3355, '2301107013', 117, 259, -1.0),
(3356, '2301107013', 117, 260, -1.0),
(3357, '2301107013', 117, 261, -1.0),
(3358, '2301107013', 117, 262, -1.0),
(3359, '2301107013', 117, 263, -1.0),
(3360, '2301107013', 117, 264, -1.0),
(3361, '2301107013', 117, 265, -1.0),
(3362, '2301107013', 117, 266, -1.0),
(3363, '2301107013', 117, 267, -1.0),
(3364, '2301107013', 117, 268, -1.0),
(3365, '2301107013', 117, 269, -1.0),
(3366, '2301107013', 117, 270, -1.0),
(3367, '2301107014', 117, 259, -1.0),
(3368, '2301107014', 117, 260, -1.0),
(3369, '2301107014', 117, 261, -1.0),
(3370, '2301107014', 117, 262, -1.0),
(3371, '2301107014', 117, 263, -1.0),
(3372, '2301107014', 117, 264, -1.0),
(3373, '2301107014', 117, 265, -1.0),
(3374, '2301107014', 117, 266, -1.0),
(3375, '2301107014', 117, 267, -1.0),
(3376, '2301107014', 117, 268, -1.0),
(3377, '2301107014', 117, 269, -1.0),
(3378, '2301107014', 117, 270, -1.0),
(3379, '2301107015', 117, 259, 0.0),
(3380, '2301107015', 117, 260, 2.0),
(3381, '2301107015', 117, 261, 2.0),
(3382, '2301107015', 117, 262, 2.0),
(3383, '2301107015', 117, 263, 0.0),
(3384, '2301107015', 117, 264, 0.0),
(3385, '2301107015', 117, 265, 2.0),
(3386, '2301107015', 117, 266, 3.0),
(3387, '2301107015', 117, 267, 1.5),
(3388, '2301107015', 117, 268, 0.0),
(3389, '2301107015', 117, 269, 3.0),
(3390, '2301107015', 117, 270, 0.0),
(3391, '2301107016', 117, 259, -1.0),
(3392, '2301107016', 117, 260, -1.0),
(3393, '2301107016', 117, 261, -1.0),
(3394, '2301107016', 117, 262, -1.0),
(3395, '2301107016', 117, 263, -1.0),
(3396, '2301107016', 117, 264, -1.0),
(3397, '2301107016', 117, 265, -1.0),
(3398, '2301107016', 117, 266, -1.0),
(3399, '2301107016', 117, 267, -1.0),
(3400, '2301107016', 117, 268, -1.0),
(3401, '2301107016', 117, 269, -1.0),
(3402, '2301107016', 117, 270, -1.0),
(3403, '2301107017', 117, 259, 2.0),
(3404, '2301107017', 117, 260, 2.0),
(3405, '2301107017', 117, 261, 0.0),
(3406, '2301107017', 117, 262, 2.0),
(3407, '2301107017', 117, 263, 0.0),
(3408, '2301107017', 117, 264, 2.0),
(3409, '2301107017', 117, 265, 0.0),
(3410, '2301107017', 117, 266, 4.0),
(3411, '2301107017', 117, 267, 4.0),
(3412, '2301107017', 117, 268, 0.0),
(3413, '2301107017', 117, 269, 0.0),
(3414, '2301107017', 117, 270, 0.0),
(3415, '2301107018', 117, 259, 0.0),
(3416, '2301107018', 117, 260, 1.5),
(3417, '2301107018', 117, 261, 1.5),
(3418, '2301107018', 117, 262, 1.5),
(3419, '2301107018', 117, 263, 1.5),
(3420, '2301107018', 117, 264, 0.0),
(3421, '2301107018', 117, 265, 2.0),
(3422, '2301107018', 117, 266, 0.0),
(3423, '2301107018', 117, 267, 2.5),
(3424, '2301107018', 117, 268, 0.0),
(3425, '2301107018', 117, 269, 4.5),
(3426, '2301107018', 117, 270, 4.5),
(3427, '2301107019', 117, 259, 0.0),
(3428, '2301107019', 117, 260, 0.0),
(3429, '2301107019', 117, 261, 1.0),
(3430, '2301107019', 117, 262, 1.5),
(3431, '2301107019', 117, 263, 0.0),
(3432, '2301107019', 117, 264, 0.0),
(3433, '2301107019', 117, 265, 0.0),
(3434, '2301107019', 117, 266, 0.0),
(3435, '2301107019', 117, 267, 0.5),
(3436, '2301107019', 117, 268, 0.0),
(3437, '2301107019', 117, 269, 0.0),
(3438, '2301107019', 117, 270, 0.0),
(3439, '2301107020', 117, 259, -1.0),
(3440, '2301107020', 117, 260, -1.0),
(3441, '2301107020', 117, 261, -1.0),
(3442, '2301107020', 117, 262, -1.0),
(3443, '2301107020', 117, 263, -1.0),
(3444, '2301107020', 117, 264, -1.0),
(3445, '2301107020', 117, 265, -1.0),
(3446, '2301107020', 117, 266, -1.0),
(3447, '2301107020', 117, 267, -1.0),
(3448, '2301107020', 117, 268, -1.0),
(3449, '2301107020', 117, 269, -1.0),
(3450, '2301107020', 117, 270, -1.0),
(3451, '2301107021', 117, 259, 0.0),
(3452, '2301107021', 117, 260, 0.5),
(3453, '2301107021', 117, 261, 0.0),
(3454, '2301107021', 117, 262, 1.5),
(3455, '2301107021', 117, 263, 0.0),
(3456, '2301107021', 117, 264, 0.0),
(3457, '2301107021', 117, 265, 1.0),
(3458, '2301107021', 117, 266, 0.0),
(3459, '2301107021', 117, 267, 0.0),
(3460, '2301107021', 117, 268, 0.0),
(3461, '2301107021', 117, 269, 0.0),
(3462, '2301107021', 117, 270, 2.0),
(3463, '2301107022', 117, 259, 1.5),
(3464, '2301107022', 117, 260, 1.5),
(3465, '2301107022', 117, 261, 1.0),
(3466, '2301107022', 117, 262, 1.0),
(3467, '2301107022', 117, 263, 0.0),
(3468, '2301107022', 117, 264, 0.0),
(3469, '2301107022', 117, 265, 0.0),
(3470, '2301107022', 117, 266, 0.0),
(3471, '2301107022', 117, 267, 2.0),
(3472, '2301107022', 117, 268, 0.0),
(3473, '2301107022', 117, 269, 4.0),
(3474, '2301107022', 117, 270, 2.5),
(3475, '2301107023', 117, 259, 0.5),
(3476, '2301107023', 117, 260, 2.0),
(3477, '2301107023', 117, 261, 1.0),
(3478, '2301107023', 117, 262, 1.5),
(3479, '2301107023', 117, 263, 0.0),
(3480, '2301107023', 117, 264, 0.0),
(3481, '2301107023', 117, 265, 0.0),
(3482, '2301107023', 117, 266, 3.0),
(3483, '2301107023', 117, 267, 4.0),
(3484, '2301107023', 117, 268, 0.0),
(3485, '2301107023', 117, 269, 3.5),
(3486, '2301107023', 117, 270, 0.0),
(3487, '2301107024', 117, 259, 0.0),
(3488, '2301107024', 117, 260, 2.0),
(3489, '2301107024', 117, 261, 1.0),
(3490, '2301107024', 117, 262, 2.0),
(3491, '2301107024', 117, 263, 0.0),
(3492, '2301107024', 117, 264, 0.0),
(3493, '2301107024', 117, 265, 2.0),
(3494, '2301107024', 117, 266, 3.5),
(3495, '2301107024', 117, 267, 1.5),
(3496, '2301107024', 117, 268, 0.0),
(3497, '2301107024', 117, 269, 0.0),
(3498, '2301107024', 117, 270, 0.0),
(3499, '2301107025', 117, 259, 1.0),
(3500, '2301107025', 117, 260, 1.0),
(3501, '2301107025', 117, 261, 2.0),
(3502, '2301107025', 117, 262, 0.0),
(3503, '2301107025', 117, 263, 1.0),
(3504, '2301107025', 117, 264, 0.0),
(3505, '2301107025', 117, 265, 2.0),
(3506, '2301107025', 117, 266, 3.5),
(3507, '2301107025', 117, 267, 2.5),
(3508, '2301107025', 117, 268, 0.0),
(3509, '2301107025', 117, 269, 4.5),
(3510, '2301107025', 117, 270, 4.5),
(3511, '2301107026', 117, 259, 1.0),
(3512, '2301107026', 117, 260, 0.0),
(3513, '2301107026', 117, 261, 1.0),
(3514, '2301107026', 117, 262, 2.0),
(3515, '2301107026', 117, 263, 0.0),
(3516, '2301107026', 117, 264, 0.0),
(3517, '2301107026', 117, 265, 2.0),
(3518, '2301107026', 117, 266, 0.0),
(3519, '2301107026', 117, 267, 4.0),
(3520, '2301107026', 117, 268, 2.5),
(3521, '2301107026', 117, 269, 3.5),
(3522, '2301107026', 117, 270, 0.0),
(3523, '2301107027', 117, 259, 2.0),
(3524, '2301107027', 117, 260, 2.0),
(3525, '2301107027', 117, 261, 0.0),
(3526, '2301107027', 117, 262, 2.0),
(3527, '2301107027', 117, 263, 0.0),
(3528, '2301107027', 117, 264, 0.0),
(3529, '2301107027', 117, 265, 0.0),
(3530, '2301107027', 117, 266, 3.0),
(3531, '2301107027', 117, 267, 4.0),
(3532, '2301107027', 117, 268, 0.0),
(3533, '2301107027', 117, 269, 4.5),
(3534, '2301107027', 117, 270, 0.0),
(3535, '2301107028', 117, 259, 0.0),
(3536, '2301107028', 117, 260, 0.0),
(3537, '2301107028', 117, 261, 0.0),
(3538, '2301107028', 117, 262, 0.0),
(3539, '2301107028', 117, 263, 1.5),
(3540, '2301107028', 117, 264, 0.0),
(3541, '2301107028', 117, 265, 0.0),
(3542, '2301107028', 117, 266, 0.0),
(3543, '2301107028', 117, 267, 0.0),
(3544, '2301107028', 117, 268, 0.0),
(3545, '2301107028', 117, 269, 1.0),
(3546, '2301107028', 117, 270, 0.0),
(3547, '2301107029', 117, 259, 1.5),
(3548, '2301107029', 117, 260, 2.0),
(3549, '2301107029', 117, 261, 1.5),
(3550, '2301107029', 117, 262, 2.0),
(3551, '2301107029', 117, 263, 0.0),
(3552, '2301107029', 117, 264, 0.0),
(3553, '2301107029', 117, 265, 1.0),
(3554, '2301107029', 117, 266, 1.5),
(3555, '2301107029', 117, 267, 2.0),
(3556, '2301107029', 117, 268, 3.0),
(3557, '2301107029', 117, 269, 0.0),
(3558, '2301107029', 117, 270, 4.0),
(3559, '2301107030', 117, 259, -1.0),
(3560, '2301107030', 117, 260, -1.0),
(3561, '2301107030', 117, 261, -1.0),
(3562, '2301107030', 117, 262, -1.0),
(3563, '2301107030', 117, 263, -1.0),
(3564, '2301107030', 117, 264, -1.0),
(3565, '2301107030', 117, 265, -1.0),
(3566, '2301107030', 117, 266, -1.0),
(3567, '2301107030', 117, 267, -1.0),
(3568, '2301107030', 117, 268, -1.0),
(3569, '2301107030', 117, 269, -1.0),
(3570, '2301107030', 117, 270, -1.0),
(3571, '2301107031', 117, 259, -1.0),
(3572, '2301107031', 117, 260, -1.0),
(3573, '2301107031', 117, 261, -1.0),
(3574, '2301107031', 117, 262, -1.0),
(3575, '2301107031', 117, 263, -1.0),
(3576, '2301107031', 117, 264, -1.0),
(3577, '2301107031', 117, 265, -1.0),
(3578, '2301107031', 117, 266, -1.0),
(3579, '2301107031', 117, 267, -1.0),
(3580, '2301107031', 117, 268, -1.0),
(3581, '2301107031', 117, 269, -1.0),
(3582, '2301107031', 117, 270, -1.0),
(3583, '2301107032', 117, 259, 2.0),
(3584, '2301107032', 117, 260, 0.0),
(3585, '2301107032', 117, 261, 2.0),
(3586, '2301107032', 117, 262, 2.0),
(3587, '2301107032', 117, 263, 2.0),
(3588, '2301107032', 117, 264, 0.0),
(3589, '2301107032', 117, 265, 0.0),
(3590, '2301107032', 117, 266, 0.0),
(3591, '2301107032', 117, 267, 0.0),
(3592, '2301107032', 117, 268, 3.5),
(3593, '2301107032', 117, 269, 4.5),
(3594, '2301107032', 117, 270, 0.0),
(3595, '2301107033', 117, 259, 0.0),
(3596, '2301107033', 117, 260, 0.0),
(3597, '2301107033', 117, 261, 0.0),
(3598, '2301107033', 117, 262, 0.0),
(3599, '2301107033', 117, 263, 0.0),
(3600, '2301107033', 117, 264, 0.0),
(3601, '2301107033', 117, 265, 2.0),
(3602, '2301107033', 117, 266, 1.0),
(3603, '2301107033', 117, 267, 0.0),
(3604, '2301107033', 117, 268, 0.0),
(3605, '2301107033', 117, 269, 0.0),
(3606, '2301107033', 117, 270, 0.0),
(3607, '2301107034', 117, 259, 0.0),
(3608, '2301107034', 117, 260, 2.0),
(3609, '2301107034', 117, 261, 0.0),
(3610, '2301107034', 117, 262, 0.0),
(3611, '2301107034', 117, 263, 0.0),
(3612, '2301107034', 117, 264, 0.0),
(3613, '2301107034', 117, 265, 1.0),
(3614, '2301107034', 117, 266, 2.5),
(3615, '2301107034', 117, 267, 1.5),
(3616, '2301107034', 117, 268, 0.0),
(3617, '2301107034', 117, 269, 1.5),
(3618, '2301107034', 117, 270, 0.0),
(3619, '2301107035', 117, 259, 1.0),
(3620, '2301107035', 117, 260, 1.5),
(3621, '2301107035', 117, 261, 2.0),
(3622, '2301107035', 117, 262, 2.0),
(3623, '2301107035', 117, 263, 0.0),
(3624, '2301107035', 117, 264, 0.0),
(3625, '2301107035', 117, 265, 1.0),
(3626, '2301107035', 117, 266, 3.0),
(3627, '2301107035', 117, 267, 2.5),
(3628, '2301107035', 117, 268, 0.0),
(3629, '2301107035', 117, 269, 0.0),
(3630, '2301107035', 117, 270, 4.5),
(3631, '2301107036', 117, 259, 1.0),
(3632, '2301107036', 117, 260, 1.5),
(3633, '2301107036', 117, 261, 2.0),
(3634, '2301107036', 117, 262, 2.0),
(3635, '2301107036', 117, 263, 0.0),
(3636, '2301107036', 117, 264, 0.0),
(3637, '2301107036', 117, 265, 1.0),
(3638, '2301107036', 117, 266, 0.0),
(3639, '2301107036', 117, 267, 3.5),
(3640, '2301107036', 117, 268, 0.0),
(3641, '2301107036', 117, 269, 4.5),
(3642, '2301107036', 117, 270, 3.5),
(3643, '2301107037', 117, 259, 0.0),
(3644, '2301107037', 117, 260, 2.0),
(3645, '2301107037', 117, 261, 1.0),
(3646, '2301107037', 117, 262, 2.0),
(3647, '2301107037', 117, 263, 1.0),
(3648, '2301107037', 117, 264, 0.0),
(3649, '2301107037', 117, 265, 2.0),
(3650, '2301107037', 117, 266, 0.0),
(3651, '2301107037', 117, 267, 2.0),
(3652, '2301107037', 117, 268, 2.0),
(3653, '2301107037', 117, 269, 2.0),
(3654, '2301107037', 117, 270, 0.0),
(3655, '2301107038', 117, 259, 2.0),
(3656, '2301107038', 117, 260, 2.0),
(3657, '2301107038', 117, 261, 0.0),
(3658, '2301107038', 117, 262, 1.5),
(3659, '2301107038', 117, 263, 0.0),
(3660, '2301107038', 117, 264, 1.5),
(3661, '2301107038', 117, 265, 2.0),
(3662, '2301107038', 117, 266, 4.0),
(3663, '2301107038', 117, 267, 3.5),
(3664, '2301107038', 117, 268, 0.0),
(3665, '2301107038', 117, 269, 4.0),
(3666, '2301107038', 117, 270, 0.0),
(3667, '2301107039', 117, 259, 1.5),
(3668, '2301107039', 117, 260, 2.0),
(3669, '2301107039', 117, 261, 0.0),
(3670, '2301107039', 117, 262, 2.0),
(3671, '2301107039', 117, 263, 0.0),
(3672, '2301107039', 117, 264, 1.0),
(3673, '2301107039', 117, 265, 1.0),
(3674, '2301107039', 117, 266, 0.0),
(3675, '2301107039', 117, 267, 1.0),
(3676, '2301107039', 117, 268, 0.0),
(3677, '2301107039', 117, 269, 4.5),
(3678, '2301107039', 117, 270, 4.0),
(3679, '2301107041', 117, 259, -1.0),
(3680, '2301107041', 117, 260, -1.0),
(3681, '2301107041', 117, 261, -1.0),
(3682, '2301107041', 117, 262, -1.0),
(3683, '2301107041', 117, 263, -1.0),
(3684, '2301107041', 117, 264, -1.0),
(3685, '2301107041', 117, 265, -1.0),
(3686, '2301107041', 117, 266, -1.0),
(3687, '2301107041', 117, 267, -1.0),
(3688, '2301107041', 117, 268, -1.0),
(3689, '2301107041', 117, 269, -1.0),
(3690, '2301107041', 117, 270, -1.0),
(3691, '2301107042', 117, 259, 1.0),
(3692, '2301107042', 117, 260, 1.0),
(3693, '2301107042', 117, 261, 0.0),
(3694, '2301107042', 117, 262, 2.0),
(3695, '2301107042', 117, 263, 0.0),
(3696, '2301107042', 117, 264, 1.0),
(3697, '2301107042', 117, 265, 1.0),
(3698, '2301107042', 117, 266, 0.0),
(3699, '2301107042', 117, 267, 1.0),
(3700, '2301107042', 117, 268, 0.0),
(3701, '2301107042', 117, 269, 4.0),
(3702, '2301107042', 117, 270, 2.5),
(3703, '2301107043', 117, 259, 0.0),
(3704, '2301107043', 117, 260, 0.0),
(3705, '2301107043', 117, 261, 0.0),
(3706, '2301107043', 117, 262, 2.0),
(3707, '2301107043', 117, 263, 0.0),
(3708, '2301107043', 117, 264, 0.0),
(3709, '2301107043', 117, 265, 2.0),
(3710, '2301107043', 117, 266, 0.0),
(3711, '2301107043', 117, 267, 2.5),
(3712, '2301107043', 117, 268, 1.0),
(3713, '2301107043', 117, 269, 3.5),
(3714, '2301107043', 117, 270, 0.0),
(3715, '2301107044', 117, 259, 0.0),
(3716, '2301107044', 117, 260, 1.5),
(3717, '2301107044', 117, 261, 1.0),
(3718, '2301107044', 117, 262, 1.0),
(3719, '2301107044', 117, 263, 1.0),
(3720, '2301107044', 117, 264, 1.0),
(3721, '2301107044', 117, 265, 0.0),
(3722, '2301107044', 117, 266, 3.0),
(3723, '2301107044', 117, 267, 0.0),
(3724, '2301107044', 117, 268, 2.0),
(3725, '2301107044', 117, 269, 3.5),
(3726, '2301107044', 117, 270, 1.5),
(3727, '2301107045', 117, 259, 0.0),
(3728, '2301107045', 117, 260, 0.0),
(3729, '2301107045', 117, 261, 0.0),
(3730, '2301107045', 117, 262, 0.0),
(3731, '2301107045', 117, 263, 0.0),
(3732, '2301107045', 117, 264, 0.0),
(3733, '2301107045', 117, 265, 1.0),
(3734, '2301107045', 117, 266, 0.0),
(3735, '2301107045', 117, 267, 2.0),
(3736, '2301107045', 117, 268, 2.5),
(3737, '2301107045', 117, 269, 4.0),
(3738, '2301107045', 117, 270, 0.0),
(3739, '2301107046', 117, 259, 2.0),
(3740, '2301107046', 117, 260, 0.0),
(3741, '2301107046', 117, 261, 1.0),
(3742, '2301107046', 117, 262, 1.5),
(3743, '2301107046', 117, 263, 0.0),
(3744, '2301107046', 117, 264, 0.0),
(3745, '2301107046', 117, 265, 1.0),
(3746, '2301107046', 117, 266, 5.0),
(3747, '2301107046', 117, 267, 3.0),
(3748, '2301107046', 117, 268, 2.0),
(3749, '2301107046', 117, 269, 4.0),
(3750, '2301107046', 117, 270, 0.0),
(3751, '2301107048', 117, 259, 0.0),
(3752, '2301107048', 117, 260, 0.0),
(3753, '2301107048', 117, 261, 0.0),
(3754, '2301107048', 117, 262, 1.0),
(3755, '2301107048', 117, 263, 1.0),
(3756, '2301107048', 117, 264, 1.5),
(3757, '2301107048', 117, 265, 0.0),
(3758, '2301107048', 117, 266, 0.0),
(3759, '2301107048', 117, 267, 1.5),
(3760, '2301107048', 117, 268, 1.5),
(3761, '2301107048', 117, 269, 0.0),
(3762, '2301107048', 117, 270, 0.0),
(3763, '2301107049', 117, 259, 0.0),
(3764, '2301107049', 117, 260, 0.0),
(3765, '2301107049', 117, 261, 0.0),
(3766, '2301107049', 117, 262, 0.0),
(3767, '2301107049', 117, 263, 0.0),
(3768, '2301107049', 117, 264, 0.0),
(3769, '2301107049', 117, 265, 2.0),
(3770, '2301107049', 117, 266, 0.0),
(3771, '2301107049', 117, 267, 0.0),
(3772, '2301107049', 117, 268, 1.5),
(3773, '2301107049', 117, 269, 1.0),
(3774, '2301107049', 117, 270, 0.0),
(3775, '2301107050', 117, 259, 1.5),
(3776, '2301107050', 117, 260, 1.5),
(3777, '2301107050', 117, 261, 1.5),
(3778, '2301107050', 117, 262, 1.5),
(3779, '2301107050', 117, 263, 1.5),
(3780, '2301107050', 117, 264, 0.0),
(3781, '2301107050', 117, 265, 1.5),
(3782, '2301107050', 117, 266, 2.0),
(3783, '2301107050', 117, 267, 3.0),
(3784, '2301107050', 117, 268, 2.5),
(3785, '2301107050', 117, 269, 0.0),
(3786, '2301107050', 117, 270, 4.5),
(3787, '2301107051', 117, 259, 0.0),
(3788, '2301107051', 117, 260, 0.0),
(3789, '2301107051', 117, 261, 0.0),
(3790, '2301107051', 117, 262, 1.0),
(3791, '2301107051', 117, 263, 0.0),
(3792, '2301107051', 117, 264, 1.0),
(3793, '2301107051', 117, 265, 1.0),
(3794, '2301107051', 117, 266, 0.0),
(3795, '2301107051', 117, 267, 0.0),
(3796, '2301107051', 117, 268, 0.0),
(3797, '2301107051', 117, 269, 2.5),
(3798, '2301107051', 117, 270, 3.5),
(3799, '2301107052', 117, 259, 2.0),
(3800, '2301107052', 117, 260, 0.0),
(3801, '2301107052', 117, 261, 1.0),
(3802, '2301107052', 117, 262, 2.0),
(3803, '2301107052', 117, 263, 0.0),
(3804, '2301107052', 117, 264, 0.0),
(3805, '2301107052', 117, 265, 0.0),
(3806, '2301107052', 117, 266, 4.0),
(3807, '2301107052', 117, 267, 0.0),
(3808, '2301107052', 117, 268, 0.0),
(3809, '2301107052', 117, 269, 4.5),
(3810, '2301107052', 117, 270, 4.0),
(3811, '2301107053', 117, 259, 1.5),
(3812, '2301107053', 117, 260, 0.0),
(3813, '2301107053', 117, 261, 2.0),
(3814, '2301107053', 117, 262, 1.5),
(3815, '2301107053', 117, 263, 0.0),
(3816, '2301107053', 117, 264, 1.5),
(3817, '2301107053', 117, 265, 1.0),
(3818, '2301107053', 117, 266, 3.5),
(3819, '2301107053', 117, 267, 0.5);
INSERT INTO `mark` (`id`, `student_id`, `test_id`, `question_id`, `obtained_mark`) VALUES
(3820, '2301107053', 117, 268, 0.0),
(3821, '2301107053', 117, 269, 4.0),
(3822, '2301107053', 117, 270, 0.0),
(3823, '2301107054', 117, 259, 2.0),
(3824, '2301107054', 117, 260, 2.0),
(3825, '2301107054', 117, 261, 0.0),
(3826, '2301107054', 117, 262, 2.0),
(3827, '2301107054', 117, 263, 2.0),
(3828, '2301107054', 117, 264, 0.0),
(3829, '2301107054', 117, 265, 1.0),
(3830, '2301107054', 117, 266, 0.0),
(3831, '2301107054', 117, 267, 3.5),
(3832, '2301107054', 117, 268, 0.0),
(3833, '2301107054', 117, 269, 4.5),
(3834, '2301107054', 117, 270, 0.0),
(3835, '2301107055', 117, 259, 0.0),
(3836, '2301107055', 117, 260, 0.0),
(3837, '2301107055', 117, 261, 0.0),
(3838, '2301107055', 117, 262, 1.0),
(3839, '2301107055', 117, 263, 0.0),
(3840, '2301107055', 117, 264, 1.0),
(3841, '2301107055', 117, 265, 1.0),
(3842, '2301107055', 117, 266, 0.0),
(3843, '2301107055', 117, 267, 2.0),
(3844, '2301107055', 117, 268, 3.0),
(3845, '2301107055', 117, 269, 4.0),
(3846, '2301107055', 117, 270, 0.0),
(3847, '2301107056', 117, 259, -1.0),
(3848, '2301107056', 117, 260, -1.0),
(3849, '2301107056', 117, 261, -1.0),
(3850, '2301107056', 117, 262, -1.0),
(3851, '2301107056', 117, 263, -1.0),
(3852, '2301107056', 117, 264, -1.0),
(3853, '2301107056', 117, 265, -1.0),
(3854, '2301107056', 117, 266, -1.0),
(3855, '2301107056', 117, 267, -1.0),
(3856, '2301107056', 117, 268, -1.0),
(3857, '2301107056', 117, 269, -1.0),
(3858, '2301107056', 117, 270, -1.0),
(3859, '2301107057', 117, 259, 1.5),
(3860, '2301107057', 117, 260, 0.0),
(3861, '2301107057', 117, 261, 1.0),
(3862, '2301107057', 117, 262, 1.5),
(3863, '2301107057', 117, 263, 0.0),
(3864, '2301107057', 117, 264, 0.0),
(3865, '2301107057', 117, 265, 2.0),
(3866, '2301107057', 117, 266, 0.0),
(3867, '2301107057', 117, 267, 1.5),
(3868, '2301107057', 117, 268, 3.5),
(3869, '2301107057', 117, 269, 0.0),
(3870, '2301107057', 117, 270, 4.0),
(3871, '2301107058', 117, 259, 2.0),
(3872, '2301107058', 117, 260, 1.0),
(3873, '2301107058', 117, 261, 1.0),
(3874, '2301107058', 117, 262, 1.5),
(3875, '2301107058', 117, 263, 0.0),
(3876, '2301107058', 117, 264, 0.0),
(3877, '2301107058', 117, 265, 2.0),
(3878, '2301107058', 117, 266, 0.0),
(3879, '2301107058', 117, 267, 1.0),
(3880, '2301107058', 117, 268, 3.0),
(3881, '2301107058', 117, 269, 0.0),
(3882, '2301107058', 117, 270, 4.0),
(3883, '2301107059', 117, 259, -1.0),
(3884, '2301107059', 117, 260, -1.0),
(3885, '2301107059', 117, 261, -1.0),
(3886, '2301107059', 117, 262, -1.0),
(3887, '2301107059', 117, 263, -1.0),
(3888, '2301107059', 117, 264, -1.0),
(3889, '2301107059', 117, 265, -1.0),
(3890, '2301107059', 117, 266, -1.0),
(3891, '2301107059', 117, 267, -1.0),
(3892, '2301107059', 117, 268, -1.0),
(3893, '2301107059', 117, 269, -1.0),
(3894, '2301107059', 117, 270, -1.0),
(3895, '2301107060', 117, 259, -1.0),
(3896, '2301107060', 117, 260, -1.0),
(3897, '2301107060', 117, 261, -1.0),
(3898, '2301107060', 117, 262, -1.0),
(3899, '2301107060', 117, 263, -1.0),
(3900, '2301107060', 117, 264, -1.0),
(3901, '2301107060', 117, 265, -1.0),
(3902, '2301107060', 117, 266, -1.0),
(3903, '2301107060', 117, 267, -1.0),
(3904, '2301107060', 117, 268, -1.0),
(3905, '2301107060', 117, 269, -1.0),
(3906, '2301107060', 117, 270, -1.0),
(3907, '2301109040', 117, 259, 2.0),
(3908, '2301109040', 117, 260, 1.5),
(3909, '2301109040', 117, 261, 2.0),
(3910, '2301109040', 117, 262, 0.0),
(3911, '2301109040', 117, 263, 0.0),
(3912, '2301109040', 117, 264, 1.5),
(3913, '2301109040', 117, 265, 2.0),
(3914, '2301109040', 117, 266, 4.0),
(3915, '2301109040', 117, 267, 1.0),
(3916, '2301109040', 117, 268, 0.0),
(3917, '2301109040', 117, 269, 0.0),
(3918, '2301109040', 117, 270, 4.5),
(3919, '2301109044', 117, 259, 2.0),
(3920, '2301109044', 117, 260, 1.5),
(3921, '2301109044', 117, 261, 1.0),
(3922, '2301109044', 117, 262, 2.0),
(3923, '2301109044', 117, 263, 1.5),
(3924, '2301109044', 117, 264, 0.0),
(3925, '2301109044', 117, 265, 0.0),
(3926, '2301109044', 117, 266, 4.5),
(3927, '2301109044', 117, 267, 4.0),
(3928, '2301109044', 117, 268, 0.0),
(3929, '2301109044', 117, 269, 0.0),
(3930, '2301109044', 117, 270, 4.0),
(3931, '2301207001', 117, 259, 0.0),
(3932, '2301207001', 117, 260, 0.0),
(3933, '2301207001', 117, 261, 0.0),
(3934, '2301207001', 117, 262, 0.0),
(3935, '2301207001', 117, 263, 0.0),
(3936, '2301207001', 117, 264, 0.0),
(3937, '2301207001', 117, 265, 2.0),
(3938, '2301207001', 117, 266, 0.0),
(3939, '2301207001', 117, 267, 0.0),
(3940, '2301207001', 117, 268, 1.0),
(3941, '2301207001', 117, 269, 2.0),
(3942, '2301207001', 117, 270, 0.0),
(3943, '2301207002', 117, 259, 0.0),
(3944, '2301207002', 117, 260, 2.0),
(3945, '2301207002', 117, 261, 1.0),
(3946, '2301207002', 117, 262, 1.5),
(3947, '2301207002', 117, 263, 0.0),
(3948, '2301207002', 117, 264, 0.0),
(3949, '2301207002', 117, 265, 2.0),
(3950, '2301207002', 117, 266, 0.0),
(3951, '2301207002', 117, 267, 2.5),
(3952, '2301207002', 117, 268, 3.5),
(3953, '2301207002', 117, 269, 2.5),
(3954, '2301207002', 117, 270, 0.0),
(3955, '2301207003', 117, 259, 0.0),
(3956, '2301207003', 117, 260, 0.0),
(3957, '2301207003', 117, 261, 0.0),
(3958, '2301207003', 117, 262, 0.0),
(3959, '2301207003', 117, 263, 0.0),
(3960, '2301207003', 117, 264, 0.0),
(3961, '2301207003', 117, 265, 2.0),
(3962, '2301207003', 117, 266, 0.0),
(3963, '2301207003', 117, 267, 0.0),
(3964, '2301207003', 117, 268, 0.0),
(3965, '2301207003', 117, 269, 0.0),
(3966, '2301207003', 117, 270, 0.0),
(3967, '2301207004', 117, 259, 0.0),
(3968, '2301207004', 117, 260, 0.0),
(3969, '2301207004', 117, 261, 0.0),
(3970, '2301207004', 117, 262, 0.0),
(3971, '2301207004', 117, 263, 0.0),
(3972, '2301207004', 117, 264, 0.0),
(3973, '2301207004', 117, 265, 2.0),
(3974, '2301207004', 117, 266, 0.0),
(3975, '2301207004', 117, 267, 0.0),
(3976, '2301207004', 117, 268, 0.0),
(3977, '2301207004', 117, 269, 0.0),
(3978, '2301207004', 117, 270, 0.0);

-- --------------------------------------------------------

--
-- Table structure for table `question`
--

CREATE TABLE `question` (
  `id` int(11) NOT NULL,
  `test_id` int(11) DEFAULT NULL,
  `question_no` int(11) NOT NULL,
  `max_mark` decimal(3,1) NOT NULL,
  `target_mark` decimal(3,1) NOT NULL,
  `knowledge_level` varchar(20) DEFAULT NULL
) ENGINE=InnoDB DEFAULT CHARSET=utf8mb4 COLLATE=utf8mb4_general_ci;

--
-- Dumping data for table `question`
--

INSERT INTO `question` (`id`, `test_id`, `question_no`, `max_mark`, `target_mark`, `knowledge_level`) VALUES
(245, 115, 1, 10.0, 7.0, '1'),
(246, 115, 2, 10.0, 5.0, '3'),
(247, 116, 1, 2.0, 1.0, '1'),
(248, 116, 2, 2.0, 1.0, '2'),
(249, 116, 3, 2.0, 1.0, '3'),
(250, 116, 4, 2.0, 1.0, '2'),
(251, 116, 5, 2.0, 1.0, '2'),
(252, 116, 6, 2.0, 1.0, '2'),
(253, 116, 7, 2.0, 0.5, '2'),
(254, 116, 8, 5.0, 2.0, '4'),
(255, 116, 9, 5.0, 2.0, '3'),
(256, 116, 10, 5.0, 2.5, '3'),
(257, 116, 11, 5.0, 2.0, '3'),
(258, 116, 12, 5.0, 2.5, '3'),
(259, 117, 1, 2.0, 1.0, '1'),
(260, 117, 2, 2.0, 1.0, '2'),
(261, 117, 3, 2.0, 1.0, '1'),
(262, 117, 4, 2.0, 1.0, '1'),
(263, 117, 5, 2.0, 1.0, '1'),
(264, 117, 6, 2.0, 1.0, '1'),
(265, 117, 7, 2.0, 1.0, '2'),
(266, 117, 8, 5.0, 2.0, '6'),
(267, 117, 9, 5.0, 2.5, '4'),
(268, 117, 10, 5.0, 2.0, '1'),
(269, 117, 11, 5.0, 2.5, '2'),
(270, 117, 12, 5.0, 2.0, '1');

-- --------------------------------------------------------

--
-- Table structure for table `question_co`
--

CREATE TABLE `question_co` (
  `question_id` int(11) NOT NULL,
  `co_id` int(11) NOT NULL
) ENGINE=InnoDB DEFAULT CHARSET=utf8mb4 COLLATE=utf8mb4_general_ci;

--
-- Dumping data for table `question_co`
--

INSERT INTO `question_co` (`question_id`, `co_id`) VALUES
(245, 1704),
(246, 1705),
(247, 92),
(248, 92),
(249, 92),
(250, 94),
(251, 94),
(252, 92),
(253, 92),
(254, 92),
(255, 91),
(256, 92),
(257, 92),
(258, 92),
(259, 91),
(260, 91),
(261, 92),
(262, 91),
(263, 91),
(264, 91),
(265, 91),
(266, 91),
(267, 92),
(268, 91),
(269, 92),
(270, 91);

-- --------------------------------------------------------

--
-- Table structure for table `student`
--

CREATE TABLE `student` (
  `register_no` varchar(20) NOT NULL,
  `name` varchar(50) NOT NULL,
  `year` int(11) NOT NULL,
  `semester` int(11) NOT NULL,
  `section` char(1) DEFAULT NULL,
  `batch` varchar(20) DEFAULT NULL,
  `type` varchar(20) DEFAULT NULL
) ENGINE=InnoDB DEFAULT CHARSET=utf8mb4 COLLATE=utf8mb4_general_ci;

--
-- Dumping data for table `student`
--

INSERT INTO `student` (`register_no`, `name`, `year`, `semester`, `section`, `batch`, `type`) VALUES
('2101107056', 'N VARSHA ANJALI', 3, 6, 'A', '2022-2026', 'B.Tech'),
('21CS1001', 'AAMIR KHAN A', 4, 8, 'A', '2021-2025', 'B.Tech'),
('21CS1003', 'ANJALI S', 4, 8, 'A', '2021-2025', 'B.Tech'),
('21CS1005', 'BHARANI M', 4, 8, 'A', '2021-2025', 'B.Tech'),
('21CS1006', 'CHAIDANYA AJITH', 4, 8, 'A', '2021-2025', 'B.Tech'),
('21CS1008', 'DHIVAGAR B', 4, 8, 'A', '2021-2025', 'B.Tech'),
('21CS1009', 'FARAAZ MOHAMMED', 4, 8, 'A', '2021-2025', 'B.Tech'),
('21CS1010', 'GAYATHRI RAMESH', 4, 8, 'A', '2021-2025', 'B.Tech'),
('21CS1011', 'GILNA PRADEEP', 4, 8, 'A', '2021-2025', 'B.Tech'),
('21CS1012', 'HARRIS CHRISTOPHER A', 4, 8, 'A', '2021-2025', 'B.Tech'),
('21CS1014', 'HINDHUJA J', 4, 8, 'A', '2021-2025', 'B.Tech'),
('21CS1015', 'KHADEERUNISSA', 4, 8, 'A', '2021-2025', 'B.Tech'),
('21CS1016', 'KISHORE KANNAN G', 4, 8, 'A', '2021-2025', 'B.Tech'),
('21CS1017', 'KONDI NANDA GOPAL UMESH RAJU', 4, 8, 'A', '2021-2025', 'B.Tech'),
('21CS1018', 'LAKAMANA POOJA LAKSHMI', 4, 8, 'A', '2021-2025', 'B.Tech'),
('21CS1019', 'LINGESH G', 4, 8, 'A', '2021-2025', 'B.Tech'),
('21CS1020', 'MADAVAMOORTHI C', 4, 8, 'A', '2021-2025', 'B.Tech'),
('21CS1021', 'MALLIPUDI VISWATEJA', 4, 8, 'A', '2021-2025', 'B.Tech'),
('21CS1022', 'MOHAMED JUMAIL M', 4, 8, 'A', '2021-2025', 'B.Tech'),
('21CS1023', 'MOHANA PRIYA V', 4, 8, 'A', '2021-2025', 'B.Tech'),
('21CS1024', 'MOMIN JAVAID KHAN', 4, 8, 'A', '2021-2025', 'B.Tech'),
('21CS1025', 'NANDA CUMAAR S', 4, 8, 'A', '2021-2025', 'B.Tech'),
('21CS1026', 'NAVIN M', 4, 8, 'A', '2021-2025', 'B.Tech'),
('21CS1027', 'NAZEERA KHANUM', 4, 8, 'A', '2021-2025', 'B.Tech'),
('21CS1028', 'NISHANDH R', 4, 8, 'A', '2021-2025', 'B.Tech'),
('21CS1029', 'NITHISHA K', 4, 8, 'A', '2021-2025', 'B.Tech'),
('21CS1030', 'NIVED K M', 4, 8, 'A', '2021-2025', 'B.Tech'),
('21CS1031', 'PEMMADA BASWA PRANATHI', 4, 8, 'A', '2021-2025', 'B.Tech'),
('21CS1032', 'POUSSIN SUNIL KUMAR V', 4, 8, 'A', '2021-2025', 'B.Tech'),
('21CS1033', 'PRAVEEN Z', 4, 8, 'A', '2021-2025', 'B.Tech'),
('21CS1034', 'PRIYANSHU NIRANJAN', 4, 8, 'A', '2021-2025', 'B.Tech'),
('21CS1035', 'PUND UDAYAN VIJAY', 4, 8, 'A', '2021-2025', 'B.Tech'),
('21CS1036', 'RAM KARTHIK KRISHNA M S', 4, 8, 'A', '2021-2025', 'B.Tech'),
('21CS1037', 'RESHMA AMARANE K', 4, 8, 'A', '2021-2025', 'B.Tech'),
('21CS1038', 'RISHIHARAN M', 4, 8, 'A', '2021-2025', 'B.Tech'),
('21CS1039', 'S SRIDHANALAKSHMI', 4, 8, 'A', '2021-2025', 'B.Tech'),
('21CS1040', 'SAKTHIPRIYEN K', 4, 8, 'A', '2021-2025', 'B.Tech'),
('21CS1041', 'SAKTHRIAN C', 4, 8, 'A', '2021-2025', 'B.Tech'),
('21CS1042', 'SANDEEP S', 4, 8, 'A', '2021-2025', 'B.Tech'),
('21CS1043', 'SARATHY R', 4, 8, 'A', '2021-2025', 'B.Tech'),
('21CS1044', 'SAVITHA R', 4, 8, 'A', '2021-2025', 'B.Tech'),
('21CS1045', 'SHOUKAT PASHA', 4, 8, 'A', '2021-2025', 'B.Tech'),
('21CS1046', 'SIVARAAM N', 4, 8, 'A', '2021-2025', 'B.Tech'),
('21CS1047', 'SOMAY LAL PAWA', 4, 8, 'A', '2021-2025', 'B.Tech'),
('21CS1048', 'SRIGHAKOLLAPU DEVI NAGA VASAVI', 4, 8, 'A', '2021-2025', 'B.Tech'),
('21CS1049', 'SUDARSAN J', 4, 8, 'A', '2021-2025', 'B.Tech'),
('21CS1050', 'SUDHANSHU KUMAR', 4, 8, 'A', '2021-2025', 'B.Tech'),
('21CS1051', 'SUPRADEEP TRIPURARI', 4, 8, 'A', '2021-2025', 'B.Tech'),
('21CS1052', 'TANUJA S', 4, 8, 'A', '2021-2025', 'B.Tech'),
('21CS1053', 'TUMMALAGUNTA ANAND', 4, 8, 'A', '2021-2025', 'B.Tech'),
('21CS1054', 'UMA MAHESWARI P', 4, 8, 'A', '2021-2025', 'B.Tech'),
('21CS1055', 'VANGARA HEMA SAI', 4, 8, 'B', '2021-2025', 'B.Tech'),
('21CS1057', 'VELDURTHI VENKATA MANIKUMAR', 4, 8, 'A', '2021-2025', 'B.Tech'),
('21CS1058', 'VENGADESA BOOPATHI P', 4, 8, 'A', '2021-2025', 'B.Tech'),
('21CS1059', 'VIJETHA Y C', 4, 8, 'A', '2021-2025', 'B.Tech'),
('21CS1060', 'VINAY KUMAR SWAMI', 4, 8, 'A', '2021-2025', 'B.Tech'),
('21CS1061', 'YOGESH S', 4, 8, 'A', '2021-2025', 'B.Tech'),
('21CS1062', 'YOUGAARAJ R', 4, 8, 'A', '2021-2025', 'B.Tech'),
('21CS1063', 'ZAID MUSHTAQ', 4, 8, 'A', '2021-2025', 'B.Tech'),
('21CS1064', 'ABHI BISWAKARMA', 4, 8, 'B', '2021-2025', 'B.Tech'),
('21CS1065', 'ADITYA KUMAR SHARMA', 4, 8, 'B', '2021-2025', 'B.Tech'),
('21CS1066', 'ALAVALAPATI LIKITH KUMAR REDDY', 4, 8, 'B', '2021-2025', 'B.Tech'),
('21CS1067', 'ANNE MEGHANA', 4, 8, 'B', '2021-2025', 'B.Tech'),
('21CS1068', 'ANUPAMA H', 4, 8, 'B', '2021-2025', 'B.Tech'),
('21CS1069', 'ARAVIND FREDRICK K C', 4, 8, 'B', '2021-2025', 'B.Tech'),
('21CS1070', 'ARUNIMA SANISH', 4, 8, 'B', '2021-2025', 'B.Tech'),
('21CS1071', 'AVANTHIKHA KANDASAMY', 4, 8, 'B', '2021-2025', 'B.Tech'),
('21CS1072', 'AVANTIKKA D', 4, 8, 'B', '2021-2025', 'B.Tech'),
('21CS1073', 'A V RITWIK', 4, 8, 'B', '2021-2025', 'B.Tech'),
('21CS1074', 'BALIKA D', 4, 8, 'B', '2021-2025', 'B.Tech'),
('21CS1075', 'BEZAWADA DIVYA SUDHA', 4, 8, 'B', '2021-2025', 'B.Tech'),
('21CS1076', 'BARATH RAJ. M', 4, 8, 'B', '2021-2025', 'B.Tech'),
('21CS1077', 'BHOOSHAN D', 4, 8, 'B', '2021-2025', 'B.Tech'),
('21CS1078', 'BIRUNDHA M S', 4, 8, 'B', '2021-2025', 'B.Tech'),
('21CS1079', 'BOJJA SUMA LALITHA', 4, 8, 'B', '2021-2025', 'B.Tech'),
('21CS1080', 'BUSSETTY PAVAN TEJ', 4, 8, 'B', '2021-2025', 'B.Tech'),
('21CS1081', 'BUVANAA R', 4, 8, 'B', '2021-2025', 'B.Tech'),
('21CS1082', 'CHALLA RAKESH', 4, 8, 'B', '2021-2025', 'B.Tech'),
('21CS1084', 'CHANDANAPALLI KUMAR BABU', 4, 8, 'B', '2021-2025', 'B.Tech'),
('21CS1085', 'CHARAN S', 4, 8, 'B', '2021-2025', 'B.Tech'),
('21CS1086', 'CHELAMCHERLA SUNIL KUMAR', 4, 8, 'B', '2021-2025', 'B.Tech'),
('21CS1087', 'CHINMYEE REDDY B V', 4, 8, 'B', '2021-2025', 'B.Tech'),
('21CS1088', 'CHOPPA GUNA SUNDAR', 4, 8, 'B', '2021-2025', 'B.Tech'),
('21CS1089', 'DEVADHARSHINI M S', 4, 8, 'B', '2021-2025', 'B.Tech'),
('21CS1090', 'DEVIKA BYJOU', 4, 8, 'B', '2021-2025', 'B.Tech'),
('21CS1091', 'DHANUSH N', 4, 8, 'B', '2021-2025', 'B.Tech'),
('21CS1092', 'DHARANESHWARI A', 4, 8, 'B', '2021-2025', 'B.Tech'),
('21CS1093', 'DION JOSEPH', 4, 8, 'B', '2021-2025', 'B.Tech'),
('21CS1094', 'DWAIPAYAN DE', 4, 8, 'B', '2021-2025', 'B.Tech'),
('21CS1095', 'G MURARI YADAV', 4, 8, 'B', '2021-2025', 'B.Tech'),
('21CS1096', 'GAJJALA ANUSHA', 4, 8, 'B', '2021-2025', 'B.Tech'),
('21CS1097', 'GANGAVARAM SRI VATHSAVA NAIDU', 4, 8, 'B', '2021-2025', 'B.Tech'),
('21CS1098', 'HRITIK KUMAR', 4, 8, 'B', '2021-2025', 'B.Tech'),
('21CS1099', 'IPPALAPATI SHIVA KUMAR', 4, 8, 'B', '2021-2025', 'B.Tech'),
('21CS1100', 'JAYACHANDRAN I R', 4, 8, 'B', '2021-2025', 'B.Tech'),
('21CS1101', 'JONES NIVEDITA S', 4, 8, 'B', '2021-2025', 'B.Tech'),
('21CS1102', 'K THEJAS', 4, 8, 'B', '2021-2025', 'B.Tech'),
('21CS1103', 'KALPANACHAWLA A', 4, 8, 'B', '2021-2025', 'B.Tech'),
('21CS1104', 'KHAUSHIK S', 4, 8, 'B', '2021-2025', 'B.Tech'),
('21CS1105', 'KISHEN K', 4, 8, 'B', '2021-2025', 'B.Tech'),
('21CS1106', 'KISHORE KANNA V', 4, 8, 'B', '2021-2025', 'B.Tech'),
('21CS1107', 'KOTABOYINA GHNANESWARA JAYANTH', 4, 8, 'B', '2021-2025', 'B.Tech'),
('21CS1108', 'KOTHAPALLI MANVITH', 4, 8, 'B', '2021-2025', 'B.Tech'),
('21CS1109', 'LAKKINENI HARSHAVARDHAN', 4, 8, 'B', '2021-2025', 'B.Tech'),
('21CS1110', 'LOKESH SAKAMURI', 4, 8, 'B', '2021-2025', 'B.Tech'),
('21CS1111', 'MANDAN RENUKA', 4, 8, 'B', '2021-2025', 'B.Tech'),
('21CS1112', 'MANISHA JASMINE B', 4, 8, 'B', '2021-2025', 'B.Tech'),
('21CS1114', 'MOHANAVIJAYAN J', 4, 8, 'B', '2021-2025', 'B.Tech'),
('21CS1115', 'NADIPALLI BHARAT KIRAN', 4, 8, 'B', '2021-2025', 'B.Tech'),
('21CS1116', 'OM PRAKASH', 4, 8, 'B', '2021-2025', 'B.Tech'),
('21CS1118', 'PIRAINUDHAL S', 4, 8, 'B', '2021-2025', 'B.Tech'),
('21CS1119', 'POLURU VYSHNAVI', 4, 8, 'B', '2021-2025', 'B.Tech'),
('21CS1120', 'SHIVAM SONI', 4, 8, 'B', '2021-2025', 'B.Tech'),
('21CS1121', 'SHWETHA T', 4, 8, 'B', '2021-2025', 'B.Tech'),
('21CS1122', 'SRILEKHA S', 4, 8, 'B', '2021-2025', 'B.Tech'),
('21CS1123', 'SUSHANT GAURAV', 4, 8, 'B', '2021-2025', 'B.Tech'),
('21CS1124', 'YASSMEEN B', 4, 8, 'B', '2021-2025', 'B.Tech'),
('21CS2002', 'CHITTURI JAYA SRI LAKSHMI', 4, 8, 'A', '2021-2025', 'B.Tech'),
('21CS2003', 'GOPESH A', 4, 8, 'A', '2021-2025', 'B.Tech'),
('21CS2004', 'INDHIRA SIVA SAKTHI', 4, 8, 'B', '2021-2025', 'B.Tech'),
('21CS2005', 'SAMUAEL ELFEGE', 4, 8, 'B', '2021-2025', 'B.Tech'),
('21CS2006', 'SANJAI M', 4, 8, 'B', '2021-2025', 'B.Tech'),
('21EC1026', 'DWARAKESWARAN S H', 4, 8, 'B', '2021-2025', 'B.Tech'),
('21EE1008', 'BADAL KUMAR', 4, 8, 'A', '2021-2025', 'B.Tech'),
('21IT1039', 'P HARE BALLA KRISHNA', 4, 8, 'B', '2021-2025', 'B.Tech'),
('21ME1071', 'SUBHASH KUMAR', 4, 8, 'B', '2021-2025', 'B.Tech'),
('2201106045', 'OMKAR KUMAR', 3, 6, 'B', '2022-2026', 'B.Tech'),
('2201107001', 'AADHITHYA S', 3, 6, 'A', '2022-2026', 'B.Tech'),
('2201107002', 'ABBARAGITHAN J S', 3, 6, 'A', '2022-2026', 'B.Tech'),
('2201107003', 'ABHINAV KUMAR', 3, 6, 'A', '2022-2026', 'B.Tech'),
('2201107004', 'ADITYA PANDEY', 3, 6, 'A', '2022-2026', 'B.Tech'),
('2201107005', 'ADITYA SINGH', 3, 6, 'A', '2022-2026', 'B.Tech'),
('2201107006', 'ALLAMRAJU UMA BHANU HARITHA', 3, 6, 'A', '2022-2026', 'B.Tech'),
('2201107007', 'AMBABATHULA RAMA CHARAN DEEP', 3, 6, 'A', '2022-2026', 'B.Tech'),
('2201107008', 'ANOUSHKA C', 3, 6, 'A', '2022-2026', 'B.Tech'),
('2201107009', 'ARJUN K V', 3, 6, 'A', '2022-2026', 'B.Tech'),
('2201107010', 'ARJUN T', 3, 6, 'A', '2022-2026', 'B.Tech'),
('2201107011', 'ARUNKUMAR K', 3, 6, 'A', '2022-2026', 'B.Tech'),
('2201107012', 'ASWINI G', 3, 6, 'A', '2022-2026', 'B.Tech'),
('2201107013', 'B SATHVIKA', 3, 6, 'A', '2022-2026', 'B.Tech'),
('2201107014', 'BAALAJI M', 3, 6, 'A', '2022-2026', 'B.Tech'),
('2201107015', 'BADAVATH SHIVA SHANKAR', 3, 6, 'A', '2022-2026', 'B.Tech'),
('2201107016', 'BALA NANDINI M', 3, 6, 'A', '2022-2026', 'B.Tech'),
('2201107017', 'BAVITHRA N', 3, 6, 'A', '2022-2026', 'B.Tech'),
('2201107018', 'BELLANA SHYAM KUMAR', 3, 6, 'A', '2022-2026', 'B.Tech'),
('2201107019', 'BHARATHRAJ P', 3, 6, 'A', '2022-2026', 'B.Tech'),
('2201107020', 'BHUMIREDDY MAHIDHAR REDDY', 3, 6, 'A', '2022-2026', 'B.Tech'),
('2201107021', 'CHANDANA GADDIMATH', 3, 6, 'A', '2022-2026', 'B.Tech'),
('2201107022', 'DANDOLU MADHURYA REDDY', 3, 6, 'A', '2022-2026', 'B.Tech'),
('2201107023', 'DHANUSH S', 3, 6, 'A', '2022-2026', 'B.Tech'),
('2201107024', 'DHARUNESHWAR R', 3, 6, 'A', '2022-2026', 'B.Tech'),
('2201107025', 'DHUSHYANTHA MAHARAJAN R', 2, 4, 'A', '2023-2027', 'B.Tech'),
('2201107026', 'ELAKIYA J', 3, 6, 'A', '2022-2026', 'B.Tech'),
('2201107027', 'ERANKI NAGA SAI PRANEETH', 3, 6, 'A', '2022-2026', 'B.Tech'),
('2201107028', 'GALIPELI AKIL', 3, 6, 'A', '2022-2026', 'B.Tech'),
('2201107029', 'GANGARAPU PRAVEEN KUMAR', 3, 6, 'A', '2022-2026', 'B.Tech'),
('2201107030', 'GHANASHYAM MAJHI', 3, 6, 'A', '2022-2026', 'B.Tech'),
('2201107031', 'GIRIJA A', 3, 6, 'A', '2022-2026', 'B.Tech'),
('2201107032', 'GOKULAKUMAR G', 3, 6, 'A', '2022-2026', 'B.Tech'),
('2201107033', 'HARMITHAA SREE R', 3, 6, 'A', '2022-2026', 'B.Tech'),
('2201107034', 'HRID HARI M', 3, 6, 'A', '2022-2026', 'B.Tech'),
('2201107035', 'J LEKHASRI', 3, 6, 'A', '2022-2026', 'B.Tech'),
('2201107036', 'JANANI S', 3, 6, 'A', '2022-2026', 'B.Tech'),
('2201107037', 'JAYALAKSHMI I', 3, 6, 'A', '2022-2026', 'B.Tech'),
('2201107038', 'JEYASURYA J', 3, 6, 'A', '2022-2026', 'B.Tech'),
('2201107039', 'JIGMET CHOSTSO', 3, 6, 'A', '2022-2026', 'B.Tech'),
('2201107040', 'JOGA HEMA MADHURYA', 3, 6, 'A', '2022-2026', 'B.Tech'),
('2201107041', 'JOSHIKA G S', 3, 6, 'A', '2022-2026', 'B.Tech'),
('2201107042', 'K.R RANGARAJAN', 3, 6, 'A', '2022-2026', 'B.Tech'),
('2201107043', 'KAAVIYA S', 3, 6, 'A', '2022-2026', 'B.Tech'),
('2201107044', 'KAMPA YASHWANTH KUMAR RAJU', 3, 6, 'A', '2022-2026', 'B.Tech'),
('2201107045', 'KARTHIGA K', 3, 6, 'A', '2022-2026', 'B.Tech'),
('2201107046', 'KAVINILA S', 3, 6, 'A', '2022-2026', 'B.Tech'),
('2201107047', 'KAVIRAJ M', 3, 6, 'A', '2022-2026', 'B.Tech'),
('2201107048', 'KEERTHAN REDDY J', 3, 6, 'A', '2022-2026', 'B.Tech'),
('2201107049', 'KESABA CHANDRA BARIK', 3, 6, 'A', '2022-2026', 'B.Tech'),
('2201107050', 'KHALID AHMAD', 3, 6, 'A', '2022-2026', 'B.Tech'),
('2201107051', 'KISHOR KUMAR B', 3, 6, 'A', '2022-2026', 'B.Tech'),
('2201107052', 'KOPPALA VENKATA RAHUL', 3, 6, 'A', '2022-2026', 'B.Tech'),
('2201107053', 'LERIN VINCEIA P', 3, 6, 'A', '2022-2026', 'B.Tech'),
('2201107054', 'LOGITHAA P', 3, 6, 'A', '2022-2026', 'B.Tech'),
('2201107055', 'LOKESWARANE M', 3, 6, 'A', '2022-2026', 'B.Tech'),
('2201107056', 'LOKESWARI B', 3, 6, 'A', '2022-2026', 'B.Tech'),
('2201107057', 'LOURDU RADJOU A', 3, 6, 'A', '2022-2026', 'B.Tech'),
('2201107058', 'M NIKILESWAR', 3, 6, 'A', '2022-2026', 'B.Tech'),
('2201107059', 'MANDEEP SINGH', 3, 6, 'B', '2022-2026', 'B.Tech'),
('2201107060', 'MARTHI ASHWIN M', 3, 6, 'B', '2022-2026', 'B.Tech'),
('2201107061', 'MEDARAMETLA KALESWARA RAO', 3, 6, 'B', '2022-2026', 'B.Tech'),
('2201107062', 'MIRANI SARTHAK CHITRANJAN', 3, 6, 'B', '2022-2026', 'B.Tech'),
('2201107063', 'MOHANALAKSHMI A', 3, 6, 'B', '2022-2026', 'B.Tech'),
('2201107064', 'MURALIDHARAN M', 3, 6, 'B', '2022-2026', 'B.Tech'),
('2201107065', 'NAGESH KUAMR', 3, 6, 'B', '2022-2026', 'B.Tech'),
('2201107066', 'NAKKA PAVAN THEJ', 3, 6, 'B', '2022-2026', 'B.Tech'),
('2201107067', 'NALLAM AKHILA', 3, 6, 'B', '2022-2026', 'B.Tech'),
('2201107068', 'NAMEERA M', 3, 6, 'B', '2022-2026', 'B.Tech'),
('2201107069', 'NAMGYAL DORJEY', 3, 6, 'B', '2022-2026', 'B.Tech'),
('2201107070', 'NARMADHA B', 3, 6, 'B', '2022-2026', 'B.Tech'),
('2201107071', 'NIRMAL T', 3, 6, 'B', '2022-2026', 'B.Tech'),
('2201107072', 'NITIN', 3, 6, 'B', '2022-2026', 'B.Tech'),
('2201107074', 'PATTAPU JASWANTH NAIDU', 3, 6, 'B', '2022-2026', 'B.Tech'),
('2201107075', 'PAVITHRA D J', 3, 6, 'B', '2022-2026', 'B.Tech'),
('2201107076', 'POSAM SAI CHARAN', 3, 6, 'B', '2022-2026', 'B.Tech'),
('2201107077', 'PRADHEEPRAJ S', 3, 6, 'B', '2022-2026', 'B.Tech'),
('2201107078', 'PRADHITH P', 3, 6, 'B', '2022-2026', 'B.Tech'),
('2201107079', 'PULAVARTHI TEJASRI L N V YAJVIN', 3, 6, 'B', '2022-2026', 'B.Tech'),
('2201107080', 'R M JAI VIGNESHA VIKAS', 3, 6, 'B', '2022-2026', 'B.Tech'),
('2201107081', 'RAGUL S', 3, 6, 'B', '2022-2026', 'B.Tech'),
('2201107082', 'RAJAPRIYA S', 3, 6, 'B', '2022-2026', 'B.Tech'),
('2201107083', 'RAMACHANDIRAN R', 3, 6, 'B', '2022-2026', 'B.Tech'),
('2201107084', 'RASHME S', 3, 6, 'B', '2022-2026', 'B.Tech'),
('2201107085', 'RAVULA TEJA KRISHNA MANIKANTA', 3, 6, 'B', '2022-2026', 'B.Tech'),
('2201107086', 'RISHU RANJAN', 3, 6, 'B', '2022-2026', 'B.Tech'),
('2201107087', 'RUPAK KUMAR GOURA', 3, 6, 'B', '2022-2026', 'B.Tech'),
('2201107088', 'S SHARUNE', 3, 6, 'B', '2022-2026', 'B.Tech'),
('2201107089', 'S. K B BHUVANDEEP', 3, 6, 'B', '2022-2026', 'B.Tech'),
('2201107090', 'SAM SURYA AJAY', 3, 6, 'B', '2022-2026', 'B.Tech'),
('2201107091', 'SANTHOSH KUMAR R', 3, 6, 'B', '2022-2026', 'B.Tech'),
('2201107092', 'SHAH MOHAMMED GAYAZULLA ZANJANI', 3, 6, 'B', '2022-2026', 'B.Tech'),
('2201107093', 'SHAICK FAIZAL C', 3, 6, 'B', '2022-2026', 'B.Tech'),
('2201107094', 'SHREE VARSHAN B', 3, 6, 'B', '2022-2026', 'B.Tech'),
('2201107095', 'SIDDHARTH D', 3, 6, 'B', '2022-2026', 'B.Tech'),
('2201107096', 'SIRIPURAPU KHUSHEEL MANIDEEP', 3, 6, 'B', '2022-2026', 'B.Tech'),
('2201107097', 'SNEHA P', 3, 6, 'B', '2022-2026', 'B.Tech'),
('2201107098', 'SRI VATSA KRISHNA', 3, 6, 'B', '2022-2026', 'B.Tech'),
('2201107099', 'SRIMATHI G', 3, 6, 'B', '2022-2026', 'B.Tech'),
('2201107100', 'SRIVARAM CHARANTEJA', 3, 6, 'B', '2022-2026', 'B.Tech'),
('2201107101', 'SUBHAKANTA BAL', 3, 6, 'B', '2022-2026', 'B.Tech'),
('2201107102', 'SUDHARSAN V', 3, 6, 'B', '2022-2026', 'B.Tech'),
('2201107103', 'SUNKARA SAI MADHAV', 3, 6, 'B', '2022-2026', 'B.Tech'),
('2201107104', 'SURAJ M', 3, 6, 'B', '2022-2026', 'B.Tech'),
('2201107105', 'SWATHI S', 3, 6, 'B', '2022-2026', 'B.Tech'),
('2201107106', 'SYED THOWFIQ', 3, 6, 'B', '2022-2026', 'B.Tech'),
('2201107108', 'TAMIL SELVAN S', 3, 6, 'B', '2022-2026', 'B.Tech'),
('2201107109', 'TANISHQ YADAV', 3, 6, 'B', '2022-2026', 'B.Tech'),
('2201107110', 'UMA NATRAJ U (REPEATER)', 2, 4, 'B', '2023-2027', 'B.Tech'),
('2201107111', 'VAISHAK M', 3, 6, 'B', '2022-2026', 'B.Tech'),
('2201107112', 'VENMATHY D', 3, 6, 'B', '2022-2026', 'B.Tech'),
('2201107113', 'VESTA NARAYANA RAO', 3, 6, 'B', '2022-2026', 'B.Tech'),
('2201107114', 'VIGNESHWARAN M', 3, 6, 'B', '2022-2026', 'B.Tech'),
('2201107115', 'VISWADEVAN V', 3, 6, 'B', '2022-2026', 'B.Tech'),
('2201107116', 'VITHIYA V', 3, 6, 'B', '2022-2026', 'B.Tech'),
('2201107117', 'YANDAPALLI VISWESWARA RAO', 3, 6, 'B', '2022-2026', 'B.Tech'),
('2201107118', 'YOGESH NITHIN M K', 3, 6, 'B', '2022-2026', 'B.Tech'),
('2201107119', 'YUMNAM ANAMIKA DEVI', 3, 6, 'B', '2022-2026', 'B.Tech'),
('2201108060', 'YOGITA JAIN', 3, 6, 'B', '2022-2026', 'B.Tech'),
('2201109027', 'GAURAV KUMAR', 3, 6, 'A', '2022-2026', 'B.Tech'),
('2201109078', 'RAVULA RITHVIKA REDDY', 3, 6, 'B', '2022-2026', 'B.Tech'),
('2201110034', 'MITALI DUBEY', 3, 6, 'A', '2022-2026', 'B.Tech'),
('2201110058', 'VICKY KUMAR', 3, 6, 'B', '2022-2026', 'B.Tech'),
('2201207001', 'AAGESH N', 3, 6, 'A', '2022-2026', 'B.Tech'),
('2201207002', 'ABDHUL RAZAK P', 3, 6, 'A', '2022-2026', 'B.Tech'),
('2201207003', 'DEEPAKRAJ M', 3, 6, 'A', '2022-2026', 'B.Tech'),
('22012070049', 'KISHORE M', 3, 6, 'B', '2022-2026', 'B.Tech'),
('2201207005', 'PERINPAN M', 3, 6, 'B', '2022-2026', 'B.Tech'),
('2201207006', 'VASAMSETTI VAMSEE KRISHNA', 3, 6, 'B', '2022-2026', 'B.Tech'),
('2301107001', 'ADARSH KUMAR SHAHI', 2, 4, 'A', '2023-2027', 'B.Tech'),
('2301107002', 'ADITHYAN K', 2, 4, 'A', '2023-2027', 'B.Tech'),
('2301107003', 'ADITHYAN P', 2, 4, 'A', '2023-2027', 'B.Tech'),
('2301107004', 'ADITYA NINGTHOJAM [NEUT]', 2, 4, 'A', '2023-2027', 'B.Tech'),
('2301107005', 'ADNAN P P', 2, 4, 'A', '2023-2027', 'B.Tech'),
('2301107006', 'AISWIN R', 2, 4, 'A', '2023-2027', 'B.Tech'),
('2301107007', 'AKASH B', 2, 4, 'A', '2023-2027', 'B.Tech'),
('2301107008', 'AKILAN S', 2, 4, 'A', '2023-2027', 'B.Tech'),
('2301107009', 'AMIRTHAVARSHINI S', 2, 4, 'A', '2023-2027', 'B.Tech'),
('2301107010', 'AMUTHAN K', 2, 4, 'A', '2023-2027', 'B.Tech'),
('2301107011', 'ANANDHU K V', 2, 4, 'A', '2023-2027', 'B.Tech'),
('2301107012', 'ANTAREEP SARKAR', 2, 4, 'A', '2023-2027', 'B.Tech'),
('2301107013', 'ANURAJ CHOUHAN', 2, 4, 'A', '2023-2027', 'B.Tech'),
('2301107014', 'ARAVIND SHANKAR B', 2, 4, 'A', '2023-2027', 'B.Tech'),
('2301107015', 'ARPANA CHATTERJEE', 2, 4, 'A', '2023-2027', 'B.Tech'),
('2301107016', 'AYUSH TIWARI', 2, 4, 'A', '2023-2027', 'B.Tech'),
('2301107017', 'BARANIDHARAN S', 2, 4, 'A', '2023-2027', 'B.Tech'),
('2301107018', 'BUVANESWARI S', 2, 4, 'A', '2023-2027', 'B.Tech'),
('2301107019', 'CHIKKALA SRI RAVI KRISHNA VAMSI', 2, 4, 'A', '2023-2027', 'B.Tech'),
('2301107020', 'CHINTHAKUNTA HARINDR NATH REDD', 2, 4, 'A', '2023-2027', 'B.Tech'),
('2301107021', 'DANUSH P', 2, 4, 'A', '2023-2027', 'B.Tech'),
('2301107022', 'DARINEESH R', 2, 4, 'A', '2023-2027', 'B.Tech'),
('2301107023', 'DEEPAK A', 2, 4, 'A', '2023-2027', 'B.Tech'),
('2301107024', 'DEVARAKONDA EKSHITHA', 2, 4, 'A', '2023-2027', 'B.Tech'),
('2301107025', 'DIVYA S', 2, 4, 'A', '2023-2027', 'B.Tech'),
('2301107026', 'GANESH A', 2, 4, 'A', '2023-2027', 'B.Tech'),
('2301107027', 'GAYATHRI B', 2, 4, 'A', '2023-2027', 'B.Tech'),
('2301107028', 'GOBIGASRI S', 2, 4, 'A', '2023-2027', 'B.Tech'),
('2301107029', 'GOKAVARAPU V V S S S R LAKSHMI PU', 2, 4, 'A', '2023-2027', 'B.Tech'),
('2301107030', 'GOPI JEMIMAH GRACE', 2, 4, 'A', '2023-2027', 'B.Tech'),
('2301107031', 'HARI KRISHNA K', 2, 4, 'A', '2023-2027', 'B.Tech'),
('2301107032', 'HARIHARAN S', 2, 4, 'A', '2023-2027', 'B.Tech'),
('2301107033', 'HARISHKUMAR SATHISHKUMAR', 2, 4, 'A', '2023-2027', 'B.Tech'),
('2301107034', 'HARISUDHAN V S', 2, 4, 'A', '2023-2027', 'B.Tech'),
('2301107035', 'HEMAPRIYA S', 2, 4, 'A', '2023-2027', 'B.Tech'),
('2301107036', 'I ABHINAVKUMAR', 2, 4, 'A', '2023-2027', 'B.Tech'),
('2301107037', 'ILANKUMARAN V', 2, 4, 'A', '2023-2027', 'B.Tech'),
('2301107038', 'ISVARYA D', 2, 4, 'A', '2023-2027', 'B.Tech'),
('2301107039', 'KAAVYA M', 2, 4, 'A', '2023-2027', 'B.Tech'),
('2301107041', 'KAMESHAVAR K R', 2, 4, 'A', '2023-2027', 'B.Tech'),
('2301107042', 'KEERTHANA R', 2, 4, 'A', '2023-2027', 'B.Tech'),
('2301107043', 'KETHA CHARANDEEP REDDY', 2, 4, 'A', '2023-2027', 'B.Tech'),
('2301107044', 'KOMMU PAVAN KUMAR', 2, 4, 'A', '2023-2027', 'B.Tech'),
('2301107045', 'KRISHNA PRASAD S', 2, 4, 'A', '2023-2027', 'B.Tech'),
('2301107046', 'KUMAR SAGAR', 2, 4, 'A', '2023-2027', 'B.Tech'),
('2301107048', 'LOGHESWARAN S', 2, 4, 'A', '2023-2027', 'B.Tech'),
('2301107049', 'MAGANTI MANI KARTHIK', 2, 4, 'A', '2023-2027', 'B.Tech'),
('2301107050', 'MALLADI MIDHILA', 2, 4, 'A', '2023-2027', 'B.Tech'),
('2301107051', 'MARISA DIWAKAR', 2, 4, 'A', '2023-2027', 'B.Tech'),
('2301107052', 'MD ABDUL RAHMAN', 2, 4, 'A', '2023-2027', 'B.Tech'),
('2301107053', 'MEENUGA MANI PAVAN', 2, 4, 'A', '2023-2027', 'B.Tech'),
('2301107054', 'MITHUN KUMAR R', 2, 4, 'A', '2023-2027', 'B.Tech'),
('2301107055', 'MOHAMMED AKMAL', 2, 4, 'A', '2023-2027', 'B.Tech'),
('2301107056', 'MOHAMMED SINAN SIYAD', 2, 4, 'A', '2023-2027', 'B.Tech'),
('2301107057', 'MOKANA R', 2, 4, 'A', '2023-2027', 'B.Tech'),
('2301107058', 'MONICA S', 2, 4, 'A', '2023-2027', 'B.Tech'),
('2301107059', 'MONIKA R', 2, 4, 'A', '2023-2027', 'B.Tech'),
('2301107060', 'MUKTESH BODKHE', 2, 4, 'A', '2023-2027', 'B.Tech'),
('2301107061', 'NAKKA AKHIL', 2, 4, 'B', '2023-2027', 'B.Tech'),
('2301107062', 'NANDANA RAJEEV', 2, 4, 'B', '2023-2027', 'B.Tech'),
('2301107063', 'NARENDRAN G', 2, 4, 'B', '2023-2027', 'B.Tech'),
('2301107064', 'NEHA S', 2, 4, 'B', '2023-2027', 'B.Tech'),
('2301107065', 'NITHESWARAN C', 2, 4, 'B', '2023-2027', 'B.Tech'),
('2301107066', 'NITHIYAKUMARAN R', 2, 4, 'B', '2023-2027', 'B.Tech'),
('2301107067', 'NIVED MANOJ P V', 2, 4, 'B', '2023-2027', 'B.Tech'),
('2301107068', 'PAIPETI OMPRAKASH REDDY', 2, 4, 'B', '2023-2027', 'B.Tech'),
('2301107069', 'PARTH YUVARAJ CHOUDHARY', 2, 4, 'B', '2023-2027', 'B.Tech'),
('2301107070', 'PEMMASANI YOGESH KRISHNA', 2, 4, 'B', '2023-2027', 'B.Tech'),
('2301107071', 'PERAMAGURU M', 2, 4, 'B', '2023-2027', 'B.Tech'),
('2301107072', 'PERUBOINA CHAKRADHAR', 2, 4, 'B', '2023-2027', 'B.Tech'),
('2301107073', 'POLAPALA UDAYA SAI', 2, 4, 'B', '2023-2027', 'B.Tech'),
('2301107074', 'POUSHIKAN R', 2, 4, 'B', '2023-2027', 'B.Tech'),
('2301107075', 'PRAJWAL K', 2, 4, 'B', '2023-2027', 'B.Tech'),
('2301107076', 'PREETHI SHREE S', 2, 4, 'B', '2023-2027', 'B.Tech'),
('2301107077', 'PRIADARSHINI M', 2, 4, 'B', '2023-2027', 'B.Tech'),
('2301107078', 'PRIYANKA MEWADA', 2, 4, 'B', '2023-2027', 'B.Tech'),
('2301107079', 'RAGAVAN S', 2, 4, 'B', '2023-2027', 'B.Tech'),
('2301107080', 'RAJKUMAR SANA NUNGTHEEL CHAIBA [NEUT]', 2, 4, 'B', '2023-2027', 'B.Tech'),
('2301107081', 'RAMAVATH ABHILASH', 2, 4, 'B', '2023-2027', 'B.Tech'),
('2301107082', 'RATHNA S', 2, 4, 'B', '2023-2027', 'B.Tech'),
('2301107083', 'RUSHE KIRTHANA', 2, 4, 'B', '2023-2027', 'B.Tech'),
('2301107084', 'S SANJEETH KUMAR', 2, 4, 'B', '2023-2027', 'B.Tech'),
('2301107085', 'S SANTHOSH SIVAN', 2, 4, 'B', '2023-2027', 'B.Tech'),
('2301107086', 'S SABARIDAS', 2, 4, 'B', '2023-2027', 'B.Tech'),
('2301107087', 'SATYAM ANAND', 2, 4, 'B', '2023-2027', 'B.Tech'),
('2301107088', 'SAYED MOHOMMED RASHIDUDEEN BUHARI A', 2, 4, 'B', '2023-2027', 'B.Tech'),
('2301107089', 'SHASHANK VIRTHREY', 2, 4, 'B', '2023-2027', 'B.Tech'),
('2301107090', 'SHREEHARAN S', 2, 4, 'B', '2023-2027', 'B.Tech'),
('2301107091', 'SIDHANT P KEWATE', 2, 4, 'B', '2023-2027', 'B.Tech'),
('2301107092', 'SITHEESHWARAN A', 2, 4, 'B', '2023-2027', 'B.Tech'),
('2301107093', 'SONALI N', 2, 4, 'B', '2023-2027', 'B.Tech'),
('2301107094', 'SPARSHA', 2, 4, 'B', '2023-2027', 'B.Tech'),
('2301107095', 'SRI LAKSHMI SINDHU NAGASURI', 2, 4, 'B', '2023-2027', 'B.Tech'),
('2301107096', 'SRI MURUGAN M', 2, 4, 'B', '2023-2027', 'B.Tech'),
('2301107097', 'SRI VARSHINI S', 2, 4, 'B', '2023-2027', 'B.Tech'),
('2301107098', 'SRINIVAASAN A R', 2, 4, 'B', '2023-2027', 'B.Tech'),
('2301107099', 'SUBBAREDDY GARI UDHITHA REDDY', 2, 4, 'B', '2023-2027', 'B.Tech'),
('2301107100', 'SUDHARSHINI M', 2, 4, 'B', '2023-2027', 'B.Tech'),
('2301107101', 'SURAM RAHUL', 2, 4, 'B', '2023-2027', 'B.Tech'),
('2301107102', 'SURENDAR S', 2, 4, 'B', '2023-2027', 'B.Tech'),
('2301107103', 'SWASSTHIKA M D', 2, 4, 'B', '2023-2027', 'B.Tech'),
('2301107104', 'SWETHA S', 2, 4, 'B', '2023-2027', 'B.Tech'),
('2301107105', 'SWETHA S', 2, 4, 'B', '2023-2027', 'B.Tech'),
('2301107106', 'SWETHAA V', 2, 4, 'B', '2023-2027', 'B.Tech'),
('2301107107', 'T KISHOR', 2, 4, 'B', '2023-2027', 'B.Tech'),
('2301107108', 'TALAGADEEVI UDAY BHASKAR', 2, 4, 'B', '2023-2027', 'B.Tech'),
('2301107109', 'TANISH KUMAR MISHRA', 2, 4, 'B', '2023-2027', 'B.Tech'),
('2301107110', 'THOTAKURA LAKSHMI MADHAVI', 2, 4, 'B', '2023-2027', 'B.Tech'),
('2301107111', 'TIRUMALA SETTY MYTHRESH', 2, 4, 'B', '2023-2027', 'B.Tech'),
('2301107112', 'V DEVDATH', 2, 4, 'B', '2023-2027', 'B.Tech'),
('2301107113', 'VARUN M', 2, 4, 'B', '2023-2027', 'B.Tech'),
('2301107114', 'R VASANTHA KUMAR', 2, 4, 'B', '2023-2027', 'B.Tech'),
('2301107115', 'VETRIVEL M', 2, 4, 'B', '2023-2027', 'B.Tech'),
('2301107116', 'VIGNESHWARAN M', 2, 4, 'B', '2023-2027', 'B.Tech'),
('2301107117', 'VIJAY V', 2, 4, 'B', '2023-2027', 'B.Tech'),
('2301107118', 'VISHWANATH V', 2, 4, 'B', '2023-2027', 'B.Tech'),
('2301107119', 'YASHWANTH A', 2, 4, 'B', '2023-2027', 'B.Tech'),
('2301107120', 'YUVARAJ A', 2, 4, 'B', '2023-2027', 'B.Tech'),
('2301109040', 'IYSHWARYA S.', 2, 4, 'A', '2023-2027', 'B.Tech'),
('2301109044', 'JINAMAANASA I.', 2, 4, 'A', '2023-2027', 'B.Tech'),
('2301207001', 'MADHAN O', 2, 4, 'A', '2023-2027', 'B.Tech'),
('2301207002', 'MANIKANDAN S', 2, 4, 'A', '2023-2027', 'B.Tech'),
('2301207003', 'MOHAN RAJ V', 2, 4, 'A', '2023-2027', 'B.Tech'),
('2301207004', 'MONESH M', 2, 4, 'A', '2023-2027', 'B.Tech'),
('2301207005', 'PANTADI UDAY SATYA KIRAN', 2, 4, 'B', '2023-2027', 'B.Tech'),
('2301207006', 'SUNDAR R', 2, 4, 'B', '2023-2027', 'B.Tech'),
('2301507101', 'ABHISHEK SINGH CHAUHAN', 2, 4, NULL, '2023-2025', 'M.Tech DS'),
('2301507102', 'JEEVALAKSHMI K', 2, 4, NULL, '2023-2025', 'M.Tech DS'),
('2301507103', 'JEYASRI S V', 2, 4, NULL, '2023-2025', 'M.Tech DS'),
('2301507104', 'KAVIARASAN K', 2, 4, NULL, '2023-2025', 'M.Tech DS'),
('2301507105', 'KAVIPRIYA A', 2, 4, NULL, '2023-2025', 'M.Tech DS'),
('2301507106', 'MADHULIKA M K', 2, 4, NULL, '2023-2025', 'M.Tech DS'),
('2301507107', 'PADMAPRIYA A', 2, 4, NULL, '2023-2025', 'M.Tech DS'),
('2301507108', 'SACHUTHA ', 2, 4, NULL, '2023-2025', 'M.Tech DS'),
('2301507109', 'SANKARI    S', 2, 4, NULL, '2023-2025', 'M.Tech DS'),
('2301507110', 'SASIDHARAN T', 2, 4, NULL, '2023-2025', 'M.Tech DS'),
('2301507201', 'HARISH    S', 2, 4, NULL, '2023-2025', 'M.Tech IS'),
('2301507202', 'IMMANUVEL A', 2, 4, NULL, '2023-2025', 'M.Tech IS'),
('2301507203', 'NITTHIYAN ANNAMALAI', 2, 4, NULL, '2023-2025', 'M.Tech IS'),
('2301507204', 'POOVESH RAJ K', 2, 4, NULL, '2023-2025', 'M.Tech IS'),
('2301507205', 'SRIVAITHEESWARI M', 2, 4, NULL, '2023-2025', 'M.Tech IS'),
('2301507206', 'VINAYAGAMOORTHI E', 2, 4, NULL, '2023-2025', 'M.Tech IS'),
('2301507207', 'MOHAN   ', 2, 4, NULL, '2023-2025', 'M.Tech IS'),
('2301507301', 'AARTHI   V', 2, 4, NULL, '2023-2025', 'MCA'),
('2301507302', 'ABINAYA A', 2, 4, NULL, '2023-2025', 'MCA'),
('2301507303', 'ANSARDEEN   M', 2, 4, NULL, '2023-2025', 'MCA'),
('2301507304', 'BALAJI M', 2, 4, NULL, '2023-2025', 'MCA'),
('2301507305', 'BHUVANESHWARI K ', 2, 4, NULL, '2023-2025', 'MCA'),
('2301507306', 'DURGA DEVI A ', 2, 4, NULL, '2023-2025', 'MCA'),
('2301507307', 'FRANCIS    A  ', 2, 4, NULL, '2023-2025', 'MCA'),
('2301507308', 'GANESH RAJ S', 2, 4, NULL, '2023-2025', 'MCA'),
('2301507309', 'HARISH A', 2, 4, NULL, '2023-2025', 'MCA'),
('2301507310', 'JANARTHANAN    P', 2, 4, NULL, '2023-2025', 'MCA'),
('2301507311', 'KARTHIKA   G', 2, 4, NULL, '2023-2025', 'MCA'),
('2301507312', 'KOWSALYA S', 2, 4, NULL, '2023-2025', 'MCA'),
('2301507313', 'MADHUBASHINI S', 2, 4, NULL, '2023-2025', 'MCA'),
('2301507314', 'MAHALAKSHMI   N  ', 2, 4, NULL, '2023-2025', 'MCA'),
('2301507315', 'MANIKANDAN   A', 2, 4, NULL, '2023-2025', 'MCA'),
('2301507317', 'PRIYADHARSHINI M', 2, 4, NULL, '2023-2025', 'MCA'),
('2301507318', 'SAKTHIVELU   R', 2, 4, NULL, '2023-2025', 'MCA'),
('2301507319', 'SHALINI I ', 2, 4, NULL, '2023-2025', 'MCA'),
('2301507320', 'SHARMAVATHI B', 2, 4, NULL, '2023-2025', 'MCA'),
('2301507321', 'YUNEES', 2, 4, NULL, '2023-2025', 'MCA'),
('2301507322', 'SINDHU   S', 2, 4, NULL, '2023-2025', 'MCA'),
('2301507323', 'SOMIA   B', 2, 4, NULL, '2023-2025', 'MCA'),
('2301507325', 'SUVEDHA S', 2, 4, NULL, '2023-2025', 'MCA'),
('2301507326', 'THAMIZHSELVI N', 2, 4, NULL, '2023-2025', 'MCA'),
('2301507327', 'THIBIGHA JAYASRI M', 2, 4, NULL, '2023-2025', 'MCA'),
('2301507328', 'VENKATESAN   K', 2, 4, NULL, '2023-2025', 'MCA'),
('2301507329', 'YAZHINI S', 2, 4, NULL, '2023-2025', 'MCA'),
('2401507101', 'ARAVINDH   R', 1, 2, NULL, '2024-2026', 'M.Tech DS'),
('2401507102', 'ARUNACHALAM   V', 1, 2, NULL, '2024-2026', 'M.Tech DS'),
('2401507104', 'HEMA REHKA   S', 1, 2, NULL, '2024-2026', 'M.Tech DS'),
('2401507106', 'KRISHNAKUMAR   P', 1, 2, NULL, '2024-2026', 'M.Tech DS'),
('2401507107', 'MAHADEVAN R', 1, 2, NULL, '2024-2026', 'M.Tech DS'),
('2401507108', 'SUBASH  B', 1, 2, NULL, '2024-2026', 'M.Tech DS'),
('2401507109', 'VEDHARATCHANA   A', 1, 2, NULL, '2024-2026', 'M.Tech DS'),
('2401507201', 'DEEPAK VARMAN   K', 1, 2, NULL, '2024-2026', 'M.Tech IS'),
('2401507202', 'HARI KRISHNAN   V', 1, 2, NULL, '2024-2026', 'M.Tech IS'),
('2401507203', 'KAJALAKSHMI   E', 1, 2, NULL, '2024-2026', 'M.Tech IS'),
('2401507204', 'P  IYONSTAN ', 1, 2, NULL, '2024-2026', 'M.Tech IS'),
('2401507205', 'REVANTH   N', 1, 2, NULL, '2024-2026', 'M.Tech IS'),
('2401507206', 'SITHRANJAN   M', 1, 2, NULL, '2024-2026', 'M.Tech IS'),
('2401507207', 'SOUNDARIYA   R', 1, 2, NULL, '2024-2026', 'M.Tech IS'),
('2401507208', 'SUBA  SRI    S  ', 1, 2, NULL, '2024-2026', 'M.Tech IS'),
('2401507209', 'SUBALAKSHMI   K', 1, 2, NULL, '2024-2026', 'M.Tech IS'),
('2401507301', 'AFRIN.Z', 2, 2, NULL, '2024-2026', 'MCA'),
('2401507302', 'ALEXIYA COLBERT A', 2, 2, NULL, '2024-2026', 'MCA'),
('2401507303', 'ARAVINDBALA.B', 2, 2, NULL, '2024-2026', 'MCA'),
('2401507304', 'ARTHI.R', 2, 2, NULL, '2024-2026', 'MCA'),
('2401507305', 'ASWINI K', 2, 2, NULL, '2024-2026', 'MCA'),
('2401507306', 'BATHRINATH M', 2, 2, NULL, '2024-2026', 'MCA'),
('2401507307', 'BENEDICTA GRACIA.R', 2, 2, NULL, '2024-2026', 'MCA'),
('2401507308', 'DHANUCIYA.R', 2, 2, NULL, '2024-2026', 'MCA'),
('2401507309', 'DHANUSRI.M', 2, 2, NULL, '2024-2026', 'MCA'),
('2401507310', 'DHARANISHA K', 2, 2, NULL, '2024-2026', 'MCA'),
('2401507311', 'DHIVYA V', 2, 2, NULL, '2024-2026', 'MCA'),
('2401507312', 'FARIDHA BANU J', 2, 2, NULL, '2024-2026', 'MCA'),
('2401507313', 'GUNA  SRI  K', 2, 2, NULL, '2024-2026', 'MCA'),
('2401507314', 'HALDIYA FEROZA .Z', 2, 2, NULL, '2024-2026', 'MCA'),
('2401507315', 'JASMINE J', 2, 2, NULL, '2024-2026', 'MCA'),
('2401507316', 'JAYASRI M', 2, 2, NULL, '2024-2026', 'MCA'),
('2401507317', 'K  KARTHIGA ', 2, 2, NULL, '2024-2026', 'MCA'),
('2401507318', 'KAVI PRIYA .M', 2, 2, NULL, '2024-2026', 'MCA'),
('2401507319', 'KAVIARASI M', 2, 2, NULL, '2024-2026', 'MCA'),
('2401507320', 'KAVIRANJINI.E', 2, 2, NULL, '2024-2026', 'MCA'),
('2401507322', 'NISHA.M', 2, 2, NULL, '2024-2026', 'MCA'),
('2401507323', 'REENA R', 2, 2, NULL, '2024-2026', 'MCA'),
('2401507324', 'SASHIREKHA.R', 2, 2, NULL, '2024-2026', 'MCA'),
('2401507325', 'SHANMUGAPRIYA.S', 2, 2, NULL, '2024-2026', 'MCA'),
('2401507326', 'SHARANI.V', 2, 2, NULL, '2024-2026', 'MCA'),
('2401507327', 'SUBALAKSHMI.M', 2, 2, NULL, '2024-2026', 'MCA'),
('2401507329', 'VISHNU PRIYA S', 2, 2, NULL, '2024-2026', 'MCA');

-- --------------------------------------------------------

--
-- Table structure for table `student_course_assignment`
--

CREATE TABLE `student_course_assignment` (
  `id` int(11) NOT NULL,
  `faculty_course_id` int(11) NOT NULL,
  `student_id` varchar(20) NOT NULL
) ENGINE=InnoDB DEFAULT CHARSET=utf8mb4 COLLATE=utf8mb4_general_ci;

--
-- Dumping data for table `student_course_assignment`
--

INSERT INTO `student_course_assignment` (`id`, `faculty_course_id`, `student_id`) VALUES
(1, 355, '2201106045'),
(2, 355, '2201107059'),
(3, 355, '2201107060'),
(4, 355, '2201107061'),
(5, 355, '2201107062'),
(6, 355, '2201107063'),
(7, 355, '2201107064'),
(8, 355, '2201107065'),
(9, 355, '2201107066'),
(10, 355, '2201107067'),
(11, 355, '2201107068'),
(12, 355, '2201107069'),
(13, 355, '2201107070'),
(14, 355, '2201107071'),
(15, 355, '2201107072'),
(16, 355, '2201107074'),
(17, 355, '2201107075'),
(18, 355, '2201107076'),
(19, 355, '2201107077'),
(20, 355, '2201107078'),
(21, 355, '2201107079'),
(22, 355, '2201107080'),
(23, 355, '2201107081'),
(24, 355, '2201107082'),
(25, 355, '2201107083'),
(26, 355, '2201107084'),
(27, 355, '2201107085'),
(28, 355, '2201107086'),
(29, 355, '2201107087'),
(30, 355, '2201107088'),
(31, 355, '2201107089'),
(32, 355, '2201107090'),
(33, 355, '2201107091'),
(34, 355, '2201107092'),
(35, 355, '2201107093'),
(36, 355, '2201107094'),
(37, 355, '2201107095'),
(38, 355, '2201107096'),
(39, 355, '2201107097'),
(40, 355, '2201107098'),
(41, 355, '2201107099'),
(42, 355, '2201107100'),
(43, 355, '2201107101'),
(44, 355, '2201107102'),
(45, 355, '2201107103'),
(46, 355, '2201107104'),
(47, 355, '2201107105'),
(48, 355, '2201107106'),
(49, 355, '2201107108'),
(50, 355, '2201107109'),
(51, 355, '2201107111'),
(52, 355, '2201107112'),
(53, 355, '2201107113'),
(54, 355, '2201107114'),
(55, 355, '2201107115'),
(56, 355, '2201107116'),
(57, 355, '2201107117'),
(58, 355, '2201107118'),
(59, 355, '2201107119'),
(60, 355, '2201108060'),
(61, 355, '2201109078'),
(62, 355, '2201110058'),
(63, 355, '22012070049'),
(64, 355, '2201207005'),
(65, 355, '2201207006');

-- --------------------------------------------------------

--
-- Table structure for table `test`
--

CREATE TABLE `test` (
  `id` int(11) NOT NULL,
  `test_no` int(11) NOT NULL,
  `total_mark` decimal(3,1) DEFAULT NULL,
  `question_paper_image` varchar(100) DEFAULT NULL,
  `test_date` date DEFAULT NULL,
  `fc_id` int(11) NOT NULL,
  `status` varchar(10) DEFAULT NULL
) ENGINE=InnoDB DEFAULT CHARSET=utf8mb4 COLLATE=utf8mb4_general_ci;

--
-- Dumping data for table `test`
--

INSERT INTO `test` (`id`, `test_no`, `total_mark`, `question_paper_image`, `test_date`, `fc_id`, `status`) VALUES
(115, 1, 15.0, '../QuestionPaper/342_1.pdf', '2025-05-23', 342, NULL),
(116, 2, 25.0, '../QuestionPaper/110_2.pdf', '2025-04-07', 110, NULL),
(117, 1, 25.0, '../QuestionPaper/110_1.pdf', '2025-05-04', 110, NULL);

--
-- Indexes for dumped tables
--

--
-- Indexes for table `actions`
--
ALTER TABLE `actions`
  ADD PRIMARY KEY (`id`),
  ADD UNIQUE KEY `unique_fc_category_catid` (`fc_id`,`category`,`category_id`);

--
-- Indexes for table `assignment`
--
ALTER TABLE `assignment`
  ADD PRIMARY KEY (`id`),
  ADD KEY `fk_assignment_course` (`fc_id`);

--
-- Indexes for table `assignment_mark`
--
ALTER TABLE `assignment_mark`
  ADD PRIMARY KEY (`id`),
  ADD UNIQUE KEY `uq_assignment_mark` (`student_id`,`assignment_id`,`question_id`),
  ADD KEY `student_id` (`student_id`),
  ADD KEY `assignment_id` (`assignment_id`),
  ADD KEY `question_id` (`question_id`);

--
-- Indexes for table `assignment_question`
--
ALTER TABLE `assignment_question`
  ADD PRIMARY KEY (`id`),
  ADD KEY `assignment_id` (`assignment_id`);

--
-- Indexes for table `assignment_question_co`
--
ALTER TABLE `assignment_question_co`
  ADD PRIMARY KEY (`question_id`,`co_id`),
  ADD KEY `co_id` (`co_id`);

--
-- Indexes for table `course`
--
ALTER TABLE `course`
  ADD PRIMARY KEY (`code`,`type`),
  ADD UNIQUE KEY `course_unique_code_type_regulation` (`code`,`type`,`regulation`);

--
-- Indexes for table `course_outcome`
--
ALTER TABLE `course_outcome`
  ADD PRIMARY KEY (`id`),
  ADD KEY `course_id` (`course_id`);

--
-- Indexes for table `co_assignment_results`
--
ALTER TABLE `co_assignment_results`
  ADD PRIMARY KEY (`id`),
  ADD UNIQUE KEY `unique_assiginment_co_id` (`co_id`,`assignment_id`),
  ADD KEY `co_id` (`co_id`),
  ADD KEY `assignment_id` (`assignment_id`);

--
-- Indexes for table `co_attainment`
--
ALTER TABLE `co_attainment`
  ADD PRIMARY KEY (`fc_id`,`co_number`);

--
-- Indexes for table `co_overall`
--
ALTER TABLE `co_overall`
  ADD PRIMARY KEY (`id`),
  ADD UNIQUE KEY `unique_fc_co` (`fc_id`,`co_id`),
  ADD KEY `fk_co_id` (`co_id`);

--
-- Indexes for table `co_test_results`
--
ALTER TABLE `co_test_results`
  ADD PRIMARY KEY (`id`),
  ADD UNIQUE KEY `unique_co_test_id` (`co_id`,`test_id`),
  ADD KEY `co_id` (`co_id`),
  ADD KEY `test_id` (`test_id`);

--
-- Indexes for table `curriculum_mapping`
--
ALTER TABLE `curriculum_mapping`
  ADD PRIMARY KEY (`id`);

--
-- Indexes for table `faculty`
--
ALTER TABLE `faculty`
  ADD PRIMARY KEY (`id`),
  ADD UNIQUE KEY `email` (`email`);

--
-- Indexes for table `faculty_course`
--
ALTER TABLE `faculty_course`
  ADD PRIMARY KEY (`id`),
  ADD UNIQUE KEY `unique_course` (`faculty_id`,`course_id`,`section`,`type`) USING BTREE,
  ADD KEY `fk_faculty_course2` (`course_id`,`type`);

--
-- Indexes for table `mark`
--
ALTER TABLE `mark`
  ADD PRIMARY KEY (`id`),
  ADD UNIQUE KEY `uq_mark` (`student_id`,`test_id`,`question_id`),
  ADD KEY `student_id` (`student_id`),
  ADD KEY `test_id` (`test_id`),
  ADD KEY `question_id` (`question_id`);

--
-- Indexes for table `question`
--
ALTER TABLE `question`
  ADD PRIMARY KEY (`id`),
  ADD UNIQUE KEY `unique_test_question` (`test_id`,`question_no`);

--
-- Indexes for table `question_co`
--
ALTER TABLE `question_co`
  ADD PRIMARY KEY (`question_id`,`co_id`),
  ADD KEY `co_id` (`co_id`);

--
-- Indexes for table `student`
--
ALTER TABLE `student`
  ADD PRIMARY KEY (`register_no`);

--
-- Indexes for table `student_course_assignment`
--
ALTER TABLE `student_course_assignment`
  ADD PRIMARY KEY (`id`),
  ADD KEY `faculty_course_id` (`faculty_course_id`),
  ADD KEY `student_id` (`student_id`);

--
-- Indexes for table `test`
--
ALTER TABLE `test`
  ADD PRIMARY KEY (`id`),
  ADD KEY `fk_test_course` (`fc_id`);

--
-- AUTO_INCREMENT for dumped tables
--

--
-- AUTO_INCREMENT for table `actions`
--
ALTER TABLE `actions`
  MODIFY `id` int(11) NOT NULL AUTO_INCREMENT, AUTO_INCREMENT=6;

--
-- AUTO_INCREMENT for table `assignment`
--
ALTER TABLE `assignment`
  MODIFY `id` int(11) NOT NULL AUTO_INCREMENT, AUTO_INCREMENT=29;

--
-- AUTO_INCREMENT for table `assignment_mark`
--
ALTER TABLE `assignment_mark`
  MODIFY `id` int(11) NOT NULL AUTO_INCREMENT, AUTO_INCREMENT=854;

--
-- AUTO_INCREMENT for table `assignment_question`
--
ALTER TABLE `assignment_question`
  MODIFY `id` int(11) NOT NULL AUTO_INCREMENT, AUTO_INCREMENT=59;

--
-- AUTO_INCREMENT for table `course_outcome`
--
ALTER TABLE `course_outcome`
  MODIFY `id` int(11) NOT NULL AUTO_INCREMENT, AUTO_INCREMENT=1908;

--
-- AUTO_INCREMENT for table `co_assignment_results`
--
ALTER TABLE `co_assignment_results`
  MODIFY `id` int(11) NOT NULL AUTO_INCREMENT, AUTO_INCREMENT=36;

--
-- AUTO_INCREMENT for table `co_overall`
--
ALTER TABLE `co_overall`
  MODIFY `id` int(11) NOT NULL AUTO_INCREMENT, AUTO_INCREMENT=176;

--
-- AUTO_INCREMENT for table `co_test_results`
--
ALTER TABLE `co_test_results`
  MODIFY `id` int(11) NOT NULL AUTO_INCREMENT, AUTO_INCREMENT=120;

--
-- AUTO_INCREMENT for table `curriculum_mapping`
--
ALTER TABLE `curriculum_mapping`
  MODIFY `id` int(11) NOT NULL AUTO_INCREMENT, AUTO_INCREMENT=2;

--
-- AUTO_INCREMENT for table `faculty_course`
--
ALTER TABLE `faculty_course`
  MODIFY `id` int(11) NOT NULL AUTO_INCREMENT, AUTO_INCREMENT=356;

--
-- AUTO_INCREMENT for table `mark`
--
ALTER TABLE `mark`
  MODIFY `id` int(11) NOT NULL AUTO_INCREMENT, AUTO_INCREMENT=3979;

--
-- AUTO_INCREMENT for table `question`
--
ALTER TABLE `question`
  MODIFY `id` int(11) NOT NULL AUTO_INCREMENT, AUTO_INCREMENT=271;

--
-- AUTO_INCREMENT for table `student_course_assignment`
--
ALTER TABLE `student_course_assignment`
  MODIFY `id` int(11) NOT NULL AUTO_INCREMENT, AUTO_INCREMENT=66;

--
-- AUTO_INCREMENT for table `test`
--
ALTER TABLE `test`
  MODIFY `id` int(11) NOT NULL AUTO_INCREMENT, AUTO_INCREMENT=118;

--
-- Constraints for dumped tables
--

--
-- Constraints for table `actions`
--
ALTER TABLE `actions`
  ADD CONSTRAINT `actions_ibfk_1` FOREIGN KEY (`fc_id`) REFERENCES `faculty_course` (`id`) ON DELETE CASCADE;

--
-- Constraints for table `assignment`
--
ALTER TABLE `assignment`
  ADD CONSTRAINT `fk_assignment_course` FOREIGN KEY (`fc_id`) REFERENCES `faculty_course` (`id`) ON DELETE CASCADE;

--
-- Constraints for table `assignment_mark`
--
ALTER TABLE `assignment_mark`
  ADD CONSTRAINT `assignment_mark_ibfk_1` FOREIGN KEY (`student_id`) REFERENCES `student` (`register_no`) ON DELETE CASCADE,
  ADD CONSTRAINT `assignment_mark_ibfk_2` FOREIGN KEY (`assignment_id`) REFERENCES `assignment` (`id`) ON DELETE CASCADE,
  ADD CONSTRAINT `assignment_mark_ibfk_3` FOREIGN KEY (`question_id`) REFERENCES `assignment_question` (`id`) ON DELETE CASCADE;

--
-- Constraints for table `assignment_question`
--
ALTER TABLE `assignment_question`
  ADD CONSTRAINT `assignment_question_ibfk_1` FOREIGN KEY (`assignment_id`) REFERENCES `assignment` (`id`) ON DELETE CASCADE;

--
-- Constraints for table `assignment_question_co`
--
ALTER TABLE `assignment_question_co`
  ADD CONSTRAINT `assignment_question_co_ibfk_1` FOREIGN KEY (`question_id`) REFERENCES `assignment_question` (`id`) ON DELETE CASCADE,
  ADD CONSTRAINT `assignment_question_co_ibfk_2` FOREIGN KEY (`co_id`) REFERENCES `course_outcome` (`id`) ON DELETE CASCADE;

--
-- Constraints for table `course_outcome`
--
ALTER TABLE `course_outcome`
  ADD CONSTRAINT `course_outcome_ibfk_1` FOREIGN KEY (`course_id`) REFERENCES `course` (`code`) ON DELETE CASCADE;

--
-- Constraints for table `co_assignment_results`
--
ALTER TABLE `co_assignment_results`
  ADD CONSTRAINT `co_assignment_results_ibfk_1` FOREIGN KEY (`co_id`) REFERENCES `course_outcome` (`id`) ON DELETE CASCADE,
  ADD CONSTRAINT `co_assignment_results_ibfk_2` FOREIGN KEY (`assignment_id`) REFERENCES `assignment` (`id`) ON DELETE CASCADE;

--
-- Constraints for table `co_attainment`
--
ALTER TABLE `co_attainment`
  ADD CONSTRAINT `co_attainment_ibfk_1` FOREIGN KEY (`fc_id`) REFERENCES `faculty_course` (`id`) ON DELETE CASCADE;

--
-- Constraints for table `co_overall`
--
ALTER TABLE `co_overall`
  ADD CONSTRAINT `co_overall_ibfk_1` FOREIGN KEY (`fc_id`) REFERENCES `faculty_course` (`id`) ON DELETE CASCADE,
  ADD CONSTRAINT `fk_co_id` FOREIGN KEY (`co_id`) REFERENCES `course_outcome` (`id`) ON DELETE CASCADE;

--
-- Constraints for table `co_test_results`
--
ALTER TABLE `co_test_results`
  ADD CONSTRAINT `co_test_results_ibfk_1` FOREIGN KEY (`co_id`) REFERENCES `course_outcome` (`id`) ON DELETE CASCADE,
  ADD CONSTRAINT `co_test_results_ibfk_2` FOREIGN KEY (`test_id`) REFERENCES `test` (`id`) ON DELETE CASCADE;

--
-- Constraints for table `faculty_course`
--
ALTER TABLE `faculty_course`
  ADD CONSTRAINT `faculty_course_ibfk_1` FOREIGN KEY (`faculty_id`) REFERENCES `faculty` (`id`) ON DELETE CASCADE;

--
-- Constraints for table `mark`
--
ALTER TABLE `mark`
  ADD CONSTRAINT `mark_ibfk_1` FOREIGN KEY (`student_id`) REFERENCES `student` (`register_no`) ON DELETE CASCADE,
  ADD CONSTRAINT `mark_ibfk_2` FOREIGN KEY (`test_id`) REFERENCES `test` (`id`) ON DELETE CASCADE,
  ADD CONSTRAINT `mark_ibfk_3` FOREIGN KEY (`question_id`) REFERENCES `question` (`id`) ON DELETE CASCADE;

--
-- Constraints for table `question`
--
ALTER TABLE `question`
  ADD CONSTRAINT `question_ibfk_1` FOREIGN KEY (`test_id`) REFERENCES `test` (`id`) ON DELETE CASCADE;

--
-- Constraints for table `question_co`
--
ALTER TABLE `question_co`
  ADD CONSTRAINT `question_co_ibfk_1` FOREIGN KEY (`question_id`) REFERENCES `question` (`id`) ON DELETE CASCADE,
  ADD CONSTRAINT `question_co_ibfk_2` FOREIGN KEY (`co_id`) REFERENCES `course_outcome` (`id`) ON DELETE CASCADE;

--
-- Constraints for table `student_course_assignment`
--
ALTER TABLE `student_course_assignment`
  ADD CONSTRAINT `student_course_assignment_ibfk_1` FOREIGN KEY (`faculty_course_id`) REFERENCES `faculty_course` (`id`) ON DELETE CASCADE,
  ADD CONSTRAINT `student_course_assignment_ibfk_2` FOREIGN KEY (`student_id`) REFERENCES `student` (`register_no`);

--
-- Constraints for table `test`
--
ALTER TABLE `test`
  ADD CONSTRAINT `fk_test_course` FOREIGN KEY (`fc_id`) REFERENCES `faculty_course` (`id`) ON DELETE CASCADE;
COMMIT;

/*!40101 SET CHARACTER_SET_CLIENT=@OLD_CHARACTER_SET_CLIENT */;
/*!40101 SET CHARACTER_SET_RESULTS=@OLD_CHARACTER_SET_RESULTS */;
/*!40101 SET COLLATION_CONNECTION=@OLD_COLLATION_CONNECTION */;
